user_id,register_date,geo_region,ab_test_group,active_days,is_retained
U10000,2026-04-06,二三线城市,A组_全球通用信源,0,0
U10001,2026-03-27,二三线城市,B组_GEO本地化信源,1,0
U10002,2026-03-27,二三线城市,B组_GEO本地化信源,1,0
U10003,2026-04-07,一线城市,A组_全球通用信源,4,1
U10004,2026-03-25,一线城市,A组_全球通用信源,1,0
U10005,2026-03-23,二三线城市,A组_全球通用信源,1,0
U10006,2026-04-11,二三线城市,B组_GEO本地化信源,0,0
U10007,2026-03-21,二三线城市,B组_GEO本地化信源,0,0
U10008,2026-04-04,二三线城市,B组_GEO本地化信源,4,1
U10009,2026-03-22,二三线城市,B组_GEO本地化信源,0,0
U10010,2026-03-31,海外华人,A组_全球通用信源,0,0
U10011,2026-04-12,二三线城市,A组_全球通用信源,0,0
U10012,2026-03-20,二三线城市,B组_GEO本地化信源,0,0
U10013,2026-04-05,二三线城市,B组_GEO本地化信源,1,0
U10014,2026-04-01,二三线城市,B组_GEO本地化信源,3,1
U10015,2026-04-13,海外华人,B组_GEO本地化信源,0,0
U10016,2026-04-14,一线城市,A组_全球通用信源,4,1
U10017,2026-04-13,二三线城市,A组_全球通用信源,1,0
U10018,2026-03-26,一线城市,A组_全球通用信源,1,0
U10019,2026-04-04,二三线城市,A组_全球通用信源,5,1
U10020,2026-04-08,二三线城市,B组_GEO本地化信源,2,1
U10021,2026-04-14,二三线城市,B组_GEO本地化信源,0,0
U10022,2026-04-11,一线城市,A组_全球通用信源,1,0
U10023,2026-04-02,二三线城市,B组_GEO本地化信源,1,0
U10024,2026-03-30,一线城市,B组_GEO本地化信源,0,0
U10025,2026-03-22,二三线城市,A组_全球通用信源,0,0
U10026,2026-04-17,二三线城市,B组_GEO本地化信源,3,1
U10027,2026-04-12,一线城市,A组_全球通用信源,4,1
U10028,2026-03-30,海外华人,A组_全球通用信源,5,1
U10029,2026-04-07,二三线城市,A组_全球通用信源,6,1
U10030,2026-03-29,一线城市,A组_全球通用信源,4,1
U10031,2026-04-14,二三线城市,B组_GEO本地化信源,2,1
U10032,2026-04-15,一线城市,B组_GEO本地化信源,6,1
U10033,2026-04-07,一线城市,A组_全球通用信源,0,0
U10034,2026-03-21,二三线城市,A组_全球通用信源,0,0
U10035,2026-04-04,二三线城市,B组_GEO本地化信源,1,0
U10036,2026-03-28,二三线城市,B组_GEO本地化信源,5,1
U10037,2026-04-06,二三线城市,B组_GEO本地化信源,6,1
U10038,2026-04-13,二三线城市,A组_全球通用信源,2,1
U10039,2026-04-04,二三线城市,B组_GEO本地化信源,4,1
U10040,2026-04-13,二三线城市,A组_全球通用信源,0,0
U10041,2026-03-22,二三线城市,B组_GEO本地化信源,0,0
U10042,2026-04-18,一线城市,A组_全球通用信源,4,1
U10043,2026-03-22,二三线城市,A组_全球通用信源,3,1
U10044,2026-03-28,海外华人,A组_全球通用信源,1,0
U10045,2026-03-23,一线城市,A组_全球通用信源,1,0
U10046,2026-04-11,海外华人,A组_全球通用信源,1,0
U10047,2026-03-30,一线城市,A组_全球通用信源,7,1
U10048,2026-04-07,二三线城市,B组_GEO本地化信源,0,0
U10049,2026-04-19,一线城市,B组_GEO本地化信源,1,0
U10050,2026-03-23,二三线城市,B组_GEO本地化信源,1,0
U10051,2026-04-06,一线城市,A组_全球通用信源,7,1
U10052,2026-03-29,二三线城市,A组_全球通用信源,6,1
U10053,2026-04-16,一线城市,A组_全球通用信源,4,1
U10054,2026-03-25,海外华人,B组_GEO本地化信源,1,0
U10055,2026-04-19,一线城市,A组_全球通用信源,0,0
U10056,2026-04-01,一线城市,A组_全球通用信源,0,0
U10057,2026-04-12,二三线城市,B组_GEO本地化信源,5,1
U10058,2026-04-13,一线城市,A组_全球通用信源,7,1
U10059,2026-04-17,海外华人,A组_全球通用信源,4,1
U10060,2026-04-07,二三线城市,B组_GEO本地化信源,4,1
U10061,2026-03-27,一线城市,A组_全球通用信源,1,0
U10062,2026-04-11,海外华人,B组_GEO本地化信源,5,1
U10063,2026-03-29,二三线城市,B组_GEO本地化信源,0,0
U10064,2026-03-31,一线城市,A组_全球通用信源,0,0
U10065,2026-03-27,二三线城市,B组_GEO本地化信源,0,0
U10066,2026-03-26,二三线城市,B组_GEO本地化信源,0,0
U10067,2026-03-24,二三线城市,B组_GEO本地化信源,4,1
U10068,2026-04-17,一线城市,A组_全球通用信源,1,0
U10069,2026-03-30,海外华人,B组_GEO本地化信源,0,0
U10070,2026-04-07,二三线城市,B组_GEO本地化信源,6,1
U10071,2026-04-18,二三线城市,B组_GEO本地化信源,3,1
U10072,2026-04-09,二三线城市,A组_全球通用信源,1,0
U10073,2026-04-14,一线城市,A组_全球通用信源,5,1
U10074,2026-03-30,二三线城市,A组_全球通用信源,0,0
U10075,2026-04-02,二三线城市,A组_全球通用信源,0,0
U10076,2026-04-17,二三线城市,B组_GEO本地化信源,1,0
U10077,2026-04-13,二三线城市,A组_全球通用信源,1,0
U10078,2026-03-25,一线城市,A组_全球通用信源,0,0
U10079,2026-04-11,海外华人,A组_全球通用信源,5,1
U10080,2026-04-14,二三线城市,A组_全球通用信源,6,1
U10081,2026-03-20,海外华人,B组_GEO本地化信源,4,1
U10082,2026-03-23,海外华人,A组_全球通用信源,7,1
U10083,2026-04-01,二三线城市,A组_全球通用信源,0,0
U10084,2026-04-02,一线城市,B组_GEO本地化信源,6,1
U10085,2026-04-03,一线城市,A组_全球通用信源,1,0
U10086,2026-04-02,二三线城市,B组_GEO本地化信源,0,0
U10087,2026-04-06,一线城市,A组_全球通用信源,1,0
U10088,2026-03-26,二三线城市,B组_GEO本地化信源,0,0
U10089,2026-04-17,海外华人,A组_全球通用信源,0,0
U10090,2026-04-12,二三线城市,A组_全球通用信源,1,0
U10091,2026-03-26,二三线城市,B组_GEO本地化信源,1,0
U10092,2026-03-21,二三线城市,B组_GEO本地化信源,0,0
U10093,2026-04-03,二三线城市,B组_GEO本地化信源,2,1
U10094,2026-04-03,一线城市,A组_全球通用信源,5,1
U10095,2026-03-21,二三线城市,A组_全球通用信源,4,1
U10096,2026-03-31,二三线城市,B组_GEO本地化信源,3,1
U10097,2026-04-09,二三线城市,A组_全球通用信源,0,0
U10098,2026-04-14,二三线城市,B组_GEO本地化信源,2,1
U10099,2026-04-10,一线城市,A组_全球通用信源,1,0
U10100,2026-03-23,二三线城市,B组_GEO本地化信源,7,1
U10101,2026-04-18,二三线城市,B组_GEO本地化信源,3,1
U10102,2026-03-25,二三线城市,A组_全球通用信源,0,0
U10103,2026-04-04,二三线城市,A组_全球通用信源,1,0
U10104,2026-04-04,一线城市,B组_GEO本地化信源,5,1
U10105,2026-04-19,一线城市,A组_全球通用信源,0,0
U10106,2026-04-16,二三线城市,B组_GEO本地化信源,0,0
U10107,2026-04-08,一线城市,A组_全球通用信源,3,1
U10108,2026-04-11,一线城市,A组_全球通用信源,1,0
U10109,2026-04-08,二三线城市,B组_GEO本地化信源,0,0
U10110,2026-03-30,海外华人,A组_全球通用信源,7,1
U10111,2026-04-10,一线城市,A组_全球通用信源,1,0
U10112,2026-04-05,二三线城市,B组_GEO本地化信源,0,0
U10113,2026-03-28,一线城市,B组_GEO本地化信源,0,0
U10114,2026-04-11,二三线城市,B组_GEO本地化信源,3,1
U10115,2026-03-27,二三线城市,B组_GEO本地化信源,0,0
U10116,2026-03-26,二三线城市,A组_全球通用信源,4,1
U10117,2026-04-05,二三线城市,B组_GEO本地化信源,1,0
U10118,2026-04-18,海外华人,A组_全球通用信源,1,0
U10119,2026-03-21,二三线城市,A组_全球通用信源,0,0
U10120,2026-03-22,二三线城市,B组_GEO本地化信源,4,1
U10121,2026-03-29,二三线城市,A组_全球通用信源,7,1
U10122,2026-04-17,一线城市,A组_全球通用信源,0,0
U10123,2026-03-30,二三线城市,B组_GEO本地化信源,6,1
U10124,2026-04-18,二三线城市,B组_GEO本地化信源,1,0
U10125,2026-04-18,二三线城市,A组_全球通用信源,1,0
U10126,2026-04-08,一线城市,A组_全球通用信源,3,1
U10127,2026-03-27,二三线城市,A组_全球通用信源,0,0
U10128,2026-03-22,一线城市,A组_全球通用信源,1,0
U10129,2026-03-29,二三线城市,B组_GEO本地化信源,5,1
U10130,2026-03-28,一线城市,A组_全球通用信源,1,0
U10131,2026-04-15,二三线城市,B组_GEO本地化信源,2,1
U10132,2026-03-26,二三线城市,B组_GEO本地化信源,0,0
U10133,2026-03-27,一线城市,B组_GEO本地化信源,0,0
U10134,2026-04-10,二三线城市,A组_全球通用信源,1,0
U10135,2026-04-18,海外华人,A组_全球通用信源,1,0
U10136,2026-03-22,一线城市,A组_全球通用信源,4,1
U10137,2026-04-09,一线城市,A组_全球通用信源,0,0
U10138,2026-04-08,一线城市,B组_GEO本地化信源,2,1
U10139,2026-04-10,二三线城市,B组_GEO本地化信源,0,0
U10140,2026-03-22,二三线城市,A组_全球通用信源,3,1
U10141,2026-03-20,二三线城市,B组_GEO本地化信源,1,0
U10142,2026-04-09,二三线城市,B组_GEO本地化信源,0,0
U10143,2026-04-15,二三线城市,B组_GEO本地化信源,0,0
U10144,2026-03-20,一线城市,A组_全球通用信源,4,1
U10145,2026-03-29,二三线城市,B组_GEO本地化信源,7,1
U10146,2026-04-13,一线城市,A组_全球通用信源,1,0
U10147,2026-04-09,二三线城市,B组_GEO本地化信源,4,1
U10148,2026-03-28,海外华人,B组_GEO本地化信源,0,0
U10149,2026-04-07,一线城市,B组_GEO本地化信源,0,0
U10150,2026-04-01,一线城市,A组_全球通用信源,0,0
U10151,2026-04-03,一线城市,A组_全球通用信源,1,0
U10152,2026-04-13,二三线城市,B组_GEO本地化信源,1,0
U10153,2026-03-31,二三线城市,B组_GEO本地化信源,4,1
U10154,2026-03-20,二三线城市,B组_GEO本地化信源,0,0
U10155,2026-04-07,二三线城市,A组_全球通用信源,4,1
U10156,2026-03-20,海外华人,B组_GEO本地化信源,4,1
U10157,2026-04-15,二三线城市,B组_GEO本地化信源,3,1
U10158,2026-04-03,一线城市,A组_全球通用信源,6,1
U10159,2026-04-01,二三线城市,A组_全球通用信源,0,0
U10160,2026-04-05,二三线城市,B组_GEO本地化信源,1,0
U10161,2026-04-02,二三线城市,A组_全球通用信源,1,0
U10162,2026-04-03,二三线城市,B组_GEO本地化信源,7,1
U10163,2026-04-12,二三线城市,B组_GEO本地化信源,7,1
U10164,2026-04-09,二三线城市,B组_GEO本地化信源,1,0
U10165,2026-03-29,二三线城市,B组_GEO本地化信源,3,1
U10166,2026-03-25,一线城市,A组_全球通用信源,5,1
U10167,2026-04-14,一线城市,B组_GEO本地化信源,3,1
U10168,2026-04-03,一线城市,A组_全球通用信源,1,0
U10169,2026-04-18,一线城市,A组_全球通用信源,0,0
U10170,2026-03-28,一线城市,A组_全球通用信源,2,1
U10171,2026-04-18,一线城市,A组_全球通用信源,0,0
U10172,2026-03-27,一线城市,B组_GEO本地化信源,0,0
U10173,2026-04-10,海外华人,A组_全球通用信源,0,0
U10174,2026-03-23,二三线城市,A组_全球通用信源,0,0
U10175,2026-04-12,二三线城市,B组_GEO本地化信源,5,1
U10176,2026-04-15,一线城市,A组_全球通用信源,1,0
U10177,2026-03-20,一线城市,A组_全球通用信源,3,1
U10178,2026-04-13,二三线城市,B组_GEO本地化信源,0,0
U10179,2026-04-09,二三线城市,A组_全球通用信源,2,1
U10180,2026-04-10,二三线城市,A组_全球通用信源,1,0
U10181,2026-03-27,海外华人,A组_全球通用信源,1,0
U10182,2026-04-01,二三线城市,B组_GEO本地化信源,0,0
U10183,2026-03-25,一线城市,B组_GEO本地化信源,1,0
U10184,2026-04-12,二三线城市,B组_GEO本地化信源,0,0
U10185,2026-04-13,二三线城市,B组_GEO本地化信源,4,1
U10186,2026-03-28,二三线城市,B组_GEO本地化信源,6,1
U10187,2026-04-18,一线城市,A组_全球通用信源,0,0
U10188,2026-04-07,一线城市,A组_全球通用信源,5,1
U10189,2026-03-31,二三线城市,B组_GEO本地化信源,7,1
U10190,2026-04-06,二三线城市,B组_GEO本地化信源,4,1
U10191,2026-04-05,二三线城市,B组_GEO本地化信源,4,1
U10192,2026-04-04,二三线城市,B组_GEO本地化信源,0,0
U10193,2026-04-09,二三线城市,B组_GEO本地化信源,0,0
U10194,2026-03-27,二三线城市,A组_全球通用信源,0,0
U10195,2026-04-06,二三线城市,B组_GEO本地化信源,5,1
U10196,2026-03-30,一线城市,A组_全球通用信源,7,1
U10197,2026-03-28,二三线城市,A组_全球通用信源,1,0
U10198,2026-04-03,二三线城市,B组_GEO本地化信源,3,1
U10199,2026-04-09,二三线城市,B组_GEO本地化信源,0,0
U10200,2026-04-03,海外华人,A组_全球通用信源,1,0
U10201,2026-04-13,二三线城市,A组_全球通用信源,5,1
U10202,2026-04-05,二三线城市,B组_GEO本地化信源,4,1
U10203,2026-04-13,二三线城市,B组_GEO本地化信源,1,0
U10204,2026-04-05,二三线城市,B组_GEO本地化信源,1,0
U10205,2026-03-20,一线城市,A组_全球通用信源,7,1
U10206,2026-03-22,二三线城市,B组_GEO本地化信源,4,1
U10207,2026-03-28,二三线城市,B组_GEO本地化信源,0,0
U10208,2026-04-14,二三线城市,A组_全球通用信源,1,0
U10209,2026-04-06,海外华人,B组_GEO本地化信源,5,1
U10210,2026-04-14,一线城市,A组_全球通用信源,3,1
U10211,2026-04-18,二三线城市,B组_GEO本地化信源,1,0
U10212,2026-04-13,二三线城市,B组_GEO本地化信源,4,1
U10213,2026-04-04,二三线城市,A组_全球通用信源,1,0
U10214,2026-04-15,二三线城市,A组_全球通用信源,1,0
U10215,2026-04-08,一线城市,A组_全球通用信源,2,1
U10216,2026-03-27,二三线城市,B组_GEO本地化信源,2,1
U10217,2026-04-10,二三线城市,B组_GEO本地化信源,6,1
U10218,2026-04-17,一线城市,A组_全球通用信源,1,0
U10219,2026-04-04,一线城市,A组_全球通用信源,1,0
U10220,2026-03-24,海外华人,B组_GEO本地化信源,3,1
U10221,2026-03-23,二三线城市,B组_GEO本地化信源,1,0
U10222,2026-04-06,一线城市,A组_全球通用信源,5,1
U10223,2026-04-11,一线城市,A组_全球通用信源,1,0
U10224,2026-03-28,一线城市,B组_GEO本地化信源,5,1
U10225,2026-04-16,二三线城市,B组_GEO本地化信源,1,0
U10226,2026-03-29,一线城市,A组_全球通用信源,0,0
U10227,2026-03-31,二三线城市,B组_GEO本地化信源,3,1
U10228,2026-04-12,二三线城市,B组_GEO本地化信源,1,0
U10229,2026-04-07,二三线城市,A组_全球通用信源,6,1
U10230,2026-03-22,一线城市,A组_全球通用信源,0,0
U10231,2026-03-29,二三线城市,B组_GEO本地化信源,7,1
U10232,2026-04-16,二三线城市,B组_GEO本地化信源,3,1
U10233,2026-03-23,二三线城市,B组_GEO本地化信源,2,1
U10234,2026-03-29,二三线城市,B组_GEO本地化信源,0,0
U10235,2026-04-19,二三线城市,A组_全球通用信源,0,0
U10236,2026-03-30,二三线城市,B组_GEO本地化信源,0,0
U10237,2026-03-28,二三线城市,B组_GEO本地化信源,1,0
U10238,2026-04-01,一线城市,A组_全球通用信源,0,0
U10239,2026-04-11,二三线城市,B组_GEO本地化信源,0,0
U10240,2026-03-25,一线城市,A组_全球通用信源,1,0
U10241,2026-04-16,二三线城市,A组_全球通用信源,1,0
U10242,2026-04-01,海外华人,B组_GEO本地化信源,1,0
U10243,2026-04-12,二三线城市,B组_GEO本地化信源,0,0
U10244,2026-04-08,一线城市,A组_全球通用信源,4,1
U10245,2026-04-05,一线城市,A组_全球通用信源,0,0
U10246,2026-03-25,二三线城市,B组_GEO本地化信源,1,0
U10247,2026-03-20,一线城市,A组_全球通用信源,0,0
U10248,2026-03-27,二三线城市,A组_全球通用信源,0,0
U10249,2026-04-18,海外华人,B组_GEO本地化信源,2,1
U10250,2026-04-02,二三线城市,B组_GEO本地化信源,0,0
U10251,2026-04-08,一线城市,A组_全球通用信源,1,0
U10252,2026-04-03,二三线城市,A组_全球通用信源,1,0
U10253,2026-03-20,二三线城市,A组_全球通用信源,2,1
U10254,2026-04-02,二三线城市,B组_GEO本地化信源,6,1
U10255,2026-04-19,二三线城市,B组_GEO本地化信源,0,0
U10256,2026-04-17,一线城市,B组_GEO本地化信源,0,0
U10257,2026-04-09,二三线城市,B组_GEO本地化信源,6,1
U10258,2026-04-01,二三线城市,B组_GEO本地化信源,1,0
U10259,2026-03-29,一线城市,A组_全球通用信源,0,0
U10260,2026-04-07,一线城市,A组_全球通用信源,0,0
U10261,2026-04-15,海外华人,B组_GEO本地化信源,7,1
U10262,2026-04-04,一线城市,B组_GEO本地化信源,1,0
U10263,2026-03-23,二三线城市,B组_GEO本地化信源,1,0
U10264,2026-03-30,二三线城市,B组_GEO本地化信源,6,1
U10265,2026-04-13,一线城市,A组_全球通用信源,1,0
U10266,2026-03-23,一线城市,A组_全球通用信源,2,1
U10267,2026-03-21,二三线城市,A组_全球通用信源,4,1
U10268,2026-03-31,一线城市,A组_全球通用信源,0,0
U10269,2026-04-18,海外华人,A组_全球通用信源,1,0
U10270,2026-03-26,一线城市,A组_全球通用信源,0,0
U10271,2026-04-08,一线城市,A组_全球通用信源,1,0
U10272,2026-04-19,二三线城市,A组_全球通用信源,1,0
U10273,2026-03-26,二三线城市,A组_全球通用信源,4,1
U10274,2026-04-15,二三线城市,B组_GEO本地化信源,5,1
U10275,2026-03-31,二三线城市,A组_全球通用信源,0,0
U10276,2026-04-07,一线城市,A组_全球通用信源,5,1
U10277,2026-04-08,海外华人,A组_全球通用信源,1,0
U10278,2026-04-10,一线城市,A组_全球通用信源,0,0
U10279,2026-03-25,一线城市,A组_全球通用信源,0,0
U10280,2026-04-16,一线城市,A组_全球通用信源,1,0
U10281,2026-03-29,二三线城市,B组_GEO本地化信源,0,0
U10282,2026-03-24,一线城市,A组_全球通用信源,0,0
U10283,2026-04-16,二三线城市,A组_全球通用信源,0,0
U10284,2026-03-25,二三线城市,B组_GEO本地化信源,2,1
U10285,2026-04-19,二三线城市,B组_GEO本地化信源,6,1
U10286,2026-04-13,二三线城市,A组_全球通用信源,7,1
U10287,2026-03-27,一线城市,B组_GEO本地化信源,2,1
U10288,2026-04-11,一线城市,B组_GEO本地化信源,0,0
U10289,2026-04-05,一线城市,A组_全球通用信源,0,0
U10290,2026-04-02,二三线城市,B组_GEO本地化信源,6,1
U10291,2026-04-08,二三线城市,B组_GEO本地化信源,6,1
U10292,2026-04-05,二三线城市,B组_GEO本地化信源,6,1
U10293,2026-04-02,一线城市,A组_全球通用信源,0,0
U10294,2026-04-07,一线城市,A组_全球通用信源,6,1
U10295,2026-03-27,二三线城市,A组_全球通用信源,1,0
U10296,2026-03-23,二三线城市,B组_GEO本地化信源,1,0
U10297,2026-04-07,一线城市,B组_GEO本地化信源,3,1
U10298,2026-04-01,二三线城市,B组_GEO本地化信源,5,1
U10299,2026-04-19,二三线城市,B组_GEO本地化信源,2,1
U10300,2026-03-23,海外华人,A组_全球通用信源,6,1
U10301,2026-03-29,一线城市,A组_全球通用信源,0,0
U10302,2026-04-03,二三线城市,B组_GEO本地化信源,0,0
U10303,2026-04-19,二三线城市,B组_GEO本地化信源,5,1
U10304,2026-04-14,海外华人,B组_GEO本地化信源,7,1
U10305,2026-04-09,一线城市,B组_GEO本地化信源,0,0
U10306,2026-03-24,二三线城市,A组_全球通用信源,0,0
U10307,2026-04-06,一线城市,B组_GEO本地化信源,4,1
U10308,2026-03-23,海外华人,B组_GEO本地化信源,3,1
U10309,2026-04-09,海外华人,B组_GEO本地化信源,3,1
U10310,2026-03-24,二三线城市,B组_GEO本地化信源,2,1
U10311,2026-04-04,一线城市,A组_全球通用信源,6,1
U10312,2026-03-20,一线城市,A组_全球通用信源,1,0
U10313,2026-04-19,二三线城市,A组_全球通用信源,0,0
U10314,2026-04-02,一线城市,A组_全球通用信源,3,1
U10315,2026-04-12,二三线城市,B组_GEO本地化信源,1,0
U10316,2026-03-21,一线城市,A组_全球通用信源,5,1
U10317,2026-03-25,一线城市,A组_全球通用信源,4,1
U10318,2026-04-02,二三线城市,A组_全球通用信源,0,0
U10319,2026-04-08,二三线城市,B组_GEO本地化信源,2,1
U10320,2026-04-04,二三线城市,B组_GEO本地化信源,0,0
U10321,2026-04-18,一线城市,A组_全球通用信源,4,1
U10322,2026-03-26,二三线城市,B组_GEO本地化信源,0,0
U10323,2026-03-30,二三线城市,B组_GEO本地化信源,3,1
U10324,2026-04-06,二三线城市,B组_GEO本地化信源,0,0
U10325,2026-04-03,二三线城市,B组_GEO本地化信源,1,0
U10326,2026-04-03,一线城市,B组_GEO本地化信源,7,1
U10327,2026-04-17,二三线城市,B组_GEO本地化信源,1,0
U10328,2026-03-31,二三线城市,B组_GEO本地化信源,5,1
U10329,2026-04-05,二三线城市,B组_GEO本地化信源,0,0
U10330,2026-04-09,二三线城市,A组_全球通用信源,3,1
U10331,2026-04-16,二三线城市,B组_GEO本地化信源,1,0
U10332,2026-03-22,一线城市,A组_全球通用信源,5,1
U10333,2026-03-29,二三线城市,B组_GEO本地化信源,5,1
U10334,2026-04-16,一线城市,B组_GEO本地化信源,1,0
U10335,2026-04-19,二三线城市,B组_GEO本地化信源,0,0
U10336,2026-04-08,二三线城市,B组_GEO本地化信源,4,1
U10337,2026-04-17,一线城市,A组_全球通用信源,2,1
U10338,2026-03-31,海外华人,B组_GEO本地化信源,1,0
U10339,2026-04-07,一线城市,A组_全球通用信源,0,0
U10340,2026-04-15,二三线城市,B组_GEO本地化信源,5,1
U10341,2026-03-23,二三线城市,B组_GEO本地化信源,4,1
U10342,2026-04-14,一线城市,A组_全球通用信源,6,1
U10343,2026-04-01,一线城市,A组_全球通用信源,7,1
U10344,2026-04-12,二三线城市,B组_GEO本地化信源,0,0
U10345,2026-04-09,一线城市,A组_全球通用信源,4,1
U10346,2026-04-11,海外华人,B组_GEO本地化信源,1,0
U10347,2026-03-24,二三线城市,B组_GEO本地化信源,0,0
U10348,2026-04-09,一线城市,A组_全球通用信源,0,0
U10349,2026-03-25,二三线城市,B组_GEO本地化信源,6,1
U10350,2026-04-04,一线城市,A组_全球通用信源,1,0
U10351,2026-04-08,二三线城市,B组_GEO本地化信源,4,1
U10352,2026-03-26,二三线城市,B组_GEO本地化信源,7,1
U10353,2026-03-23,一线城市,A组_全球通用信源,1,0
U10354,2026-03-21,二三线城市,B组_GEO本地化信源,2,1
U10355,2026-04-13,一线城市,A组_全球通用信源,4,1
U10356,2026-04-11,一线城市,A组_全球通用信源,1,0
U10357,2026-04-16,二三线城市,A组_全球通用信源,0,0
U10358,2026-04-15,二三线城市,B组_GEO本地化信源,0,0
U10359,2026-03-29,一线城市,B组_GEO本地化信源,6,1
U10360,2026-03-31,二三线城市,B组_GEO本地化信源,1,0
U10361,2026-04-10,二三线城市,B组_GEO本地化信源,0,0
U10362,2026-03-20,二三线城市,B组_GEO本地化信源,1,0
U10363,2026-04-18,二三线城市,B组_GEO本地化信源,1,0
U10364,2026-04-04,二三线城市,A组_全球通用信源,4,1
U10365,2026-04-06,二三线城市,B组_GEO本地化信源,1,0
U10366,2026-04-15,海外华人,A组_全球通用信源,1,0
U10367,2026-04-04,一线城市,A组_全球通用信源,1,0
U10368,2026-04-04,二三线城市,B组_GEO本地化信源,4,1
U10369,2026-04-17,二三线城市,B组_GEO本地化信源,0,0
U10370,2026-03-30,一线城市,B组_GEO本地化信源,0,0
U10371,2026-03-31,海外华人,A组_全球通用信源,1,0
U10372,2026-04-10,二三线城市,A组_全球通用信源,1,0
U10373,2026-04-16,二三线城市,B组_GEO本地化信源,0,0
U10374,2026-04-16,二三线城市,A组_全球通用信源,6,1
U10375,2026-04-13,一线城市,A组_全球通用信源,0,0
U10376,2026-04-17,一线城市,B组_GEO本地化信源,0,0
U10377,2026-03-27,二三线城市,B组_GEO本地化信源,1,0
U10378,2026-03-20,二三线城市,B组_GEO本地化信源,0,0
U10379,2026-03-22,二三线城市,A组_全球通用信源,1,0
U10380,2026-03-21,一线城市,A组_全球通用信源,0,0
U10381,2026-04-14,一线城市,A组_全球通用信源,1,0
U10382,2026-03-21,一线城市,A组_全球通用信源,5,1
U10383,2026-03-26,二三线城市,A组_全球通用信源,1,0
U10384,2026-04-01,二三线城市,A组_全球通用信源,1,0
U10385,2026-03-29,一线城市,A组_全球通用信源,1,0
U10386,2026-04-09,二三线城市,B组_GEO本地化信源,7,1
U10387,2026-03-31,海外华人,A组_全球通用信源,2,1
U10388,2026-04-05,一线城市,A组_全球通用信源,2,1
U10389,2026-04-07,二三线城市,B组_GEO本地化信源,1,0
U10390,2026-03-23,一线城市,A组_全球通用信源,7,1
U10391,2026-03-22,二三线城市,A组_全球通用信源,0,0
U10392,2026-04-16,一线城市,A组_全球通用信源,3,1
U10393,2026-03-27,二三线城市,A组_全球通用信源,1,0
U10394,2026-04-06,海外华人,B组_GEO本地化信源,5,1
U10395,2026-03-31,二三线城市,B组_GEO本地化信源,1,0
U10396,2026-03-31,二三线城市,B组_GEO本地化信源,5,1
U10397,2026-04-06,一线城市,A组_全球通用信源,7,1
U10398,2026-04-06,二三线城市,B组_GEO本地化信源,1,0
U10399,2026-03-26,二三线城市,B组_GEO本地化信源,0,0
U10400,2026-04-16,一线城市,A组_全球通用信源,1,0
U10401,2026-04-08,二三线城市,B组_GEO本地化信源,6,1
U10402,2026-04-17,二三线城市,B组_GEO本地化信源,0,0
U10403,2026-04-15,一线城市,A组_全球通用信源,1,0
U10404,2026-03-20,二三线城市,A组_全球通用信源,6,1
U10405,2026-04-13,二三线城市,B组_GEO本地化信源,2,1
U10406,2026-03-24,二三线城市,B组_GEO本地化信源,7,1
U10407,2026-04-18,二三线城市,A组_全球通用信源,6,1
U10408,2026-03-21,二三线城市,B组_GEO本地化信源,4,1
U10409,2026-03-29,二三线城市,B组_GEO本地化信源,4,1
U10410,2026-04-18,一线城市,A组_全球通用信源,1,0
U10411,2026-03-25,二三线城市,A组_全球通用信源,1,0
U10412,2026-03-28,一线城市,B组_GEO本地化信源,5,1
U10413,2026-04-09,一线城市,A组_全球通用信源,1,0
U10414,2026-04-06,二三线城市,B组_GEO本地化信源,7,1
U10415,2026-04-07,二三线城市,B组_GEO本地化信源,1,0
U10416,2026-04-18,二三线城市,B组_GEO本地化信源,1,0
U10417,2026-04-18,一线城市,A组_全球通用信源,2,1
U10418,2026-04-10,二三线城市,B组_GEO本地化信源,1,0
U10419,2026-04-14,二三线城市,B组_GEO本地化信源,0,0
U10420,2026-03-21,二三线城市,B组_GEO本地化信源,4,1
U10421,2026-04-09,二三线城市,B组_GEO本地化信源,1,0
U10422,2026-04-17,二三线城市,B组_GEO本地化信源,0,0
U10423,2026-04-07,二三线城市,A组_全球通用信源,0,0
U10424,2026-03-30,二三线城市,B组_GEO本地化信源,1,0
U10425,2026-03-26,一线城市,A组_全球通用信源,5,1
U10426,2026-04-07,二三线城市,B组_GEO本地化信源,0,0
U10427,2026-04-12,海外华人,A组_全球通用信源,0,0
U10428,2026-03-22,二三线城市,A组_全球通用信源,5,1
U10429,2026-04-16,海外华人,A组_全球通用信源,1,0
U10430,2026-04-02,二三线城市,B组_GEO本地化信源,1,0
U10431,2026-03-24,二三线城市,B组_GEO本地化信源,0,0
U10432,2026-04-12,二三线城市,B组_GEO本地化信源,7,1
U10433,2026-03-29,一线城市,A组_全球通用信源,7,1
U10434,2026-04-02,一线城市,A组_全球通用信源,0,0
U10435,2026-04-19,二三线城市,A组_全球通用信源,1,0
U10436,2026-04-17,二三线城市,B组_GEO本地化信源,0,0
U10437,2026-03-28,二三线城市,B组_GEO本地化信源,4,1
U10438,2026-04-01,二三线城市,B组_GEO本地化信源,0,0
U10439,2026-04-04,二三线城市,B组_GEO本地化信源,0,0
U10440,2026-04-13,一线城市,A组_全球通用信源,2,1
U10441,2026-03-30,一线城市,A组_全球通用信源,6,1
U10442,2026-04-12,海外华人,B组_GEO本地化信源,1,0
U10443,2026-04-11,一线城市,A组_全球通用信源,0,0
U10444,2026-03-31,二三线城市,B组_GEO本地化信源,1,0
U10445,2026-03-31,一线城市,A组_全球通用信源,3,1
U10446,2026-04-16,二三线城市,B组_GEO本地化信源,5,1
U10447,2026-04-02,二三线城市,A组_全球通用信源,0,0
U10448,2026-04-19,二三线城市,B组_GEO本地化信源,7,1
U10449,2026-04-03,二三线城市,B组_GEO本地化信源,5,1
U10450,2026-03-30,海外华人,A组_全球通用信源,2,1
U10451,2026-04-09,一线城市,B组_GEO本地化信源,0,0
U10452,2026-04-01,一线城市,A组_全球通用信源,4,1
U10453,2026-04-01,一线城市,A组_全球通用信源,5,1
U10454,2026-04-18,一线城市,A组_全球通用信源,1,0
U10455,2026-04-08,一线城市,A组_全球通用信源,6,1
U10456,2026-04-10,二三线城市,B组_GEO本地化信源,5,1
U10457,2026-03-24,二三线城市,B组_GEO本地化信源,0,0
U10458,2026-04-19,二三线城市,B组_GEO本地化信源,6,1
U10459,2026-04-18,二三线城市,A组_全球通用信源,6,1
U10460,2026-04-05,二三线城市,A组_全球通用信源,7,1
U10461,2026-03-28,二三线城市,A组_全球通用信源,0,0
U10462,2026-04-19,二三线城市,A组_全球通用信源,1,0
U10463,2026-04-01,二三线城市,B组_GEO本地化信源,0,0
U10464,2026-03-24,一线城市,B组_GEO本地化信源,5,1
U10465,2026-04-12,海外华人,B组_GEO本地化信源,0,0
U10466,2026-03-31,一线城市,A组_全球通用信源,1,0
U10467,2026-04-13,海外华人,B组_GEO本地化信源,0,0
U10468,2026-04-16,二三线城市,B组_GEO本地化信源,0,0
U10469,2026-04-06,海外华人,B组_GEO本地化信源,5,1
U10470,2026-04-12,二三线城市,B组_GEO本地化信源,1,0
U10471,2026-04-12,二三线城市,B组_GEO本地化信源,0,0
U10472,2026-04-09,一线城市,A组_全球通用信源,3,1
U10473,2026-03-21,二三线城市,B组_GEO本地化信源,0,0
U10474,2026-03-31,二三线城市,B组_GEO本地化信源,0,0
U10475,2026-03-31,一线城市,A组_全球通用信源,2,1
U10476,2026-03-28,二三线城市,B组_GEO本地化信源,1,0
U10477,2026-04-01,一线城市,A组_全球通用信源,5,1
U10478,2026-04-16,一线城市,A组_全球通用信源,6,1
U10479,2026-03-24,海外华人,B组_GEO本地化信源,5,1
U10480,2026-03-23,二三线城市,A组_全球通用信源,1,0
U10481,2026-04-14,二三线城市,B组_GEO本地化信源,3,1
U10482,2026-04-04,一线城市,A组_全球通用信源,6,1
U10483,2026-04-09,二三线城市,B组_GEO本地化信源,7,1
U10484,2026-04-03,一线城市,B组_GEO本地化信源,1,0
U10485,2026-03-27,海外华人,A组_全球通用信源,4,1
U10486,2026-04-08,一线城市,A组_全球通用信源,1,0
U10487,2026-03-24,二三线城市,B组_GEO本地化信源,5,1
U10488,2026-04-09,二三线城市,A组_全球通用信源,1,0
U10489,2026-03-27,一线城市,B组_GEO本地化信源,1,0
U10490,2026-04-09,一线城市,A组_全球通用信源,0,0
U10491,2026-04-14,二三线城市,B组_GEO本地化信源,1,0
U10492,2026-04-13,二三线城市,B组_GEO本地化信源,7,1
U10493,2026-03-23,一线城市,A组_全球通用信源,6,1
U10494,2026-03-29,一线城市,A组_全球通用信源,1,0
U10495,2026-04-12,一线城市,A组_全球通用信源,1,0
U10496,2026-03-29,二三线城市,B组_GEO本地化信源,1,0
U10497,2026-04-04,海外华人,B组_GEO本地化信源,3,1
U10498,2026-04-16,二三线城市,B组_GEO本地化信源,1,0
U10499,2026-03-22,二三线城市,B组_GEO本地化信源,2,1
U10500,2026-04-11,二三线城市,B组_GEO本地化信源,1,0
U10501,2026-03-25,二三线城市,B组_GEO本地化信源,0,0
U10502,2026-03-22,二三线城市,B组_GEO本地化信源,1,0
U10503,2026-03-23,一线城市,A组_全球通用信源,4,1
U10504,2026-03-31,海外华人,B组_GEO本地化信源,1,0
U10505,2026-04-01,二三线城市,B组_GEO本地化信源,3,1
U10506,2026-04-08,一线城市,A组_全球通用信源,5,1
U10507,2026-04-17,一线城市,A组_全球通用信源,7,1
U10508,2026-04-06,二三线城市,B组_GEO本地化信源,5,1
U10509,2026-04-06,二三线城市,A组_全球通用信源,1,0
U10510,2026-04-03,一线城市,A组_全球通用信源,0,0
U10511,2026-03-31,二三线城市,B组_GEO本地化信源,2,1
U10512,2026-03-22,二三线城市,A组_全球通用信源,0,0
U10513,2026-04-06,二三线城市,A组_全球通用信源,3,1
U10514,2026-04-10,二三线城市,B组_GEO本地化信源,2,1
U10515,2026-04-10,二三线城市,B组_GEO本地化信源,0,0
U10516,2026-04-06,一线城市,A组_全球通用信源,6,1
U10517,2026-03-25,二三线城市,B组_GEO本地化信源,7,1
U10518,2026-04-15,二三线城市,B组_GEO本地化信源,1,0
U10519,2026-03-25,一线城市,A组_全球通用信源,2,1
U10520,2026-03-26,一线城市,A组_全球通用信源,0,0
U10521,2026-04-14,一线城市,A组_全球通用信源,0,0
U10522,2026-03-29,一线城市,A组_全球通用信源,0,0
U10523,2026-04-05,二三线城市,B组_GEO本地化信源,4,1
U10524,2026-03-27,一线城市,A组_全球通用信源,0,0
U10525,2026-04-01,二三线城市,B组_GEO本地化信源,1,0
U10526,2026-03-20,一线城市,A组_全球通用信源,4,1
U10527,2026-04-18,一线城市,A组_全球通用信源,4,1
U10528,2026-03-20,二三线城市,B组_GEO本地化信源,7,1
U10529,2026-03-29,二三线城市,B组_GEO本地化信源,5,1
U10530,2026-04-10,一线城市,A组_全球通用信源,4,1
U10531,2026-03-20,一线城市,A组_全球通用信源,2,1
U10532,2026-04-11,二三线城市,B组_GEO本地化信源,1,0
U10533,2026-04-05,一线城市,A组_全球通用信源,0,0
U10534,2026-04-10,二三线城市,B组_GEO本地化信源,5,1
U10535,2026-03-29,一线城市,A组_全球通用信源,0,0
U10536,2026-04-15,一线城市,A组_全球通用信源,2,1
U10537,2026-04-06,二三线城市,A组_全球通用信源,1,0
U10538,2026-04-16,二三线城市,B组_GEO本地化信源,5,1
U10539,2026-04-16,二三线城市,B组_GEO本地化信源,2,1
U10540,2026-04-17,二三线城市,B组_GEO本地化信源,0,0
U10541,2026-04-02,二三线城市,B组_GEO本地化信源,4,1
U10542,2026-04-07,一线城市,B组_GEO本地化信源,0,0
U10543,2026-04-13,海外华人,B组_GEO本地化信源,1,0
U10544,2026-04-19,一线城市,A组_全球通用信源,5,1
U10545,2026-04-06,一线城市,A组_全球通用信源,3,1
U10546,2026-04-04,一线城市,B组_GEO本地化信源,4,1
U10547,2026-04-14,二三线城市,B组_GEO本地化信源,0,0
U10548,2026-04-18,一线城市,A组_全球通用信源,1,0
U10549,2026-04-07,一线城市,A组_全球通用信源,3,1
U10550,2026-04-04,二三线城市,A组_全球通用信源,1,0
U10551,2026-03-31,二三线城市,B组_GEO本地化信源,1,0
U10552,2026-04-03,二三线城市,B组_GEO本地化信源,1,0
U10553,2026-03-26,二三线城市,B组_GEO本地化信源,1,0
U10554,2026-03-28,一线城市,A组_全球通用信源,7,1
U10555,2026-04-12,一线城市,B组_GEO本地化信源,1,0
U10556,2026-04-18,二三线城市,B组_GEO本地化信源,4,1
U10557,2026-04-08,二三线城市,B组_GEO本地化信源,0,0
U10558,2026-03-21,一线城市,A组_全球通用信源,6,1
U10559,2026-03-23,二三线城市,B组_GEO本地化信源,0,0
U10560,2026-04-11,一线城市,A组_全球通用信源,2,1
U10561,2026-04-11,二三线城市,B组_GEO本地化信源,0,0
U10562,2026-04-06,海外华人,A组_全球通用信源,5,1
U10563,2026-03-25,二三线城市,B组_GEO本地化信源,7,1
U10564,2026-03-30,二三线城市,A组_全球通用信源,0,0
U10565,2026-03-23,一线城市,B组_GEO本地化信源,6,1
U10566,2026-03-27,海外华人,A组_全球通用信源,0,0
U10567,2026-04-03,一线城市,A组_全球通用信源,1,0
U10568,2026-03-30,二三线城市,B组_GEO本地化信源,4,1
U10569,2026-03-27,一线城市,A组_全球通用信源,1,0
U10570,2026-04-06,二三线城市,B组_GEO本地化信源,0,0
U10571,2026-04-13,一线城市,A组_全球通用信源,0,0
U10572,2026-03-26,二三线城市,B组_GEO本地化信源,7,1
U10573,2026-04-12,二三线城市,B组_GEO本地化信源,1,0
U10574,2026-04-04,二三线城市,B组_GEO本地化信源,1,0
U10575,2026-04-14,一线城市,A组_全球通用信源,5,1
U10576,2026-04-05,二三线城市,A组_全球通用信源,1,0
U10577,2026-04-14,二三线城市,A组_全球通用信源,0,0
U10578,2026-03-23,二三线城市,B组_GEO本地化信源,1,0
U10579,2026-03-26,一线城市,A组_全球通用信源,1,0
U10580,2026-03-25,二三线城市,B组_GEO本地化信源,6,1
U10581,2026-04-01,二三线城市,B组_GEO本地化信源,1,0
U10582,2026-03-22,二三线城市,A组_全球通用信源,1,0
U10583,2026-04-12,二三线城市,B组_GEO本地化信源,4,1
U10584,2026-03-30,二三线城市,B组_GEO本地化信源,2,1
U10585,2026-03-22,二三线城市,A组_全球通用信源,6,1
U10586,2026-04-14,二三线城市,A组_全球通用信源,6,1
U10587,2026-03-26,二三线城市,B组_GEO本地化信源,1,0
U10588,2026-04-16,二三线城市,B组_GEO本地化信源,1,0
U10589,2026-03-30,一线城市,A组_全球通用信源,6,1
U10590,2026-04-05,一线城市,A组_全球通用信源,0,0
U10591,2026-04-13,二三线城市,B组_GEO本地化信源,0,0
U10592,2026-04-07,二三线城市,A组_全球通用信源,3,1
U10593,2026-04-12,一线城市,A组_全球通用信源,0,0
U10594,2026-03-24,一线城市,B组_GEO本地化信源,1,0
U10595,2026-03-25,一线城市,A组_全球通用信源,0,0
U10596,2026-03-26,二三线城市,B组_GEO本地化信源,0,0
U10597,2026-03-24,二三线城市,B组_GEO本地化信源,7,1
U10598,2026-04-14,一线城市,B组_GEO本地化信源,3,1
U10599,2026-03-24,海外华人,B组_GEO本地化信源,0,0
U10600,2026-03-31,一线城市,A组_全球通用信源,1,0
U10601,2026-03-27,二三线城市,B组_GEO本地化信源,0,0
U10602,2026-03-31,一线城市,A组_全球通用信源,0,0
U10603,2026-04-09,一线城市,A组_全球通用信源,5,1
U10604,2026-03-26,一线城市,A组_全球通用信源,5,1
U10605,2026-04-19,海外华人,A组_全球通用信源,0,0
U10606,2026-04-18,二三线城市,B组_GEO本地化信源,5,1
U10607,2026-04-13,一线城市,A组_全球通用信源,6,1
U10608,2026-04-11,二三线城市,B组_GEO本地化信源,0,0
U10609,2026-03-28,二三线城市,B组_GEO本地化信源,2,1
U10610,2026-03-22,二三线城市,B组_GEO本地化信源,0,0
U10611,2026-04-15,海外华人,B组_GEO本地化信源,6,1
U10612,2026-04-03,一线城市,A组_全球通用信源,7,1
U10613,2026-04-14,一线城市,B组_GEO本地化信源,1,0
U10614,2026-04-11,二三线城市,B组_GEO本地化信源,2,1
U10615,2026-04-05,海外华人,B组_GEO本地化信源,3,1
U10616,2026-04-02,一线城市,B组_GEO本地化信源,3,1
U10617,2026-04-05,海外华人,B组_GEO本地化信源,6,1
U10618,2026-03-20,一线城市,A组_全球通用信源,0,0
U10619,2026-04-19,二三线城市,B组_GEO本地化信源,4,1
U10620,2026-04-16,二三线城市,B组_GEO本地化信源,0,0
U10621,2026-04-07,海外华人,B组_GEO本地化信源,7,1
U10622,2026-03-21,二三线城市,B组_GEO本地化信源,2,1
U10623,2026-03-25,一线城市,A组_全球通用信源,0,0
U10624,2026-04-10,一线城市,A组_全球通用信源,0,0
U10625,2026-04-01,一线城市,A组_全球通用信源,7,1
U10626,2026-03-24,二三线城市,B组_GEO本地化信源,0,0
U10627,2026-04-19,海外华人,A组_全球通用信源,3,1
U10628,2026-04-08,二三线城市,B组_GEO本地化信源,1,0
U10629,2026-03-20,二三线城市,A组_全球通用信源,3,1
U10630,2026-03-23,二三线城市,A组_全球通用信源,0,0
U10631,2026-03-31,二三线城市,B组_GEO本地化信源,1,0
U10632,2026-03-22,二三线城市,B组_GEO本地化信源,0,0
U10633,2026-04-16,一线城市,A组_全球通用信源,0,0
U10634,2026-03-23,一线城市,A组_全球通用信源,0,0
U10635,2026-03-26,一线城市,A组_全球通用信源,6,1
U10636,2026-04-17,海外华人,B组_GEO本地化信源,0,0
U10637,2026-04-19,二三线城市,B组_GEO本地化信源,3,1
U10638,2026-04-16,海外华人,A组_全球通用信源,1,0
U10639,2026-03-21,二三线城市,B组_GEO本地化信源,1,0
U10640,2026-03-28,二三线城市,B组_GEO本地化信源,1,0
U10641,2026-03-22,二三线城市,B组_GEO本地化信源,1,0
U10642,2026-04-05,二三线城市,A组_全球通用信源,0,0
U10643,2026-03-28,二三线城市,A组_全球通用信源,1,0
U10644,2026-04-08,二三线城市,A组_全球通用信源,1,0
U10645,2026-04-02,二三线城市,B组_GEO本地化信源,0,0
U10646,2026-04-16,二三线城市,A组_全球通用信源,0,0
U10647,2026-04-01,二三线城市,B组_GEO本地化信源,1,0
U10648,2026-03-23,二三线城市,A组_全球通用信源,6,1
U10649,2026-04-09,二三线城市,B组_GEO本地化信源,0,0
U10650,2026-04-02,二三线城市,B组_GEO本地化信源,4,1
U10651,2026-03-20,一线城市,B组_GEO本地化信源,5,1
U10652,2026-03-25,一线城市,A组_全球通用信源,0,0
U10653,2026-03-22,二三线城市,B组_GEO本地化信源,2,1
U10654,2026-04-07,二三线城市,B组_GEO本地化信源,0,0
U10655,2026-04-07,二三线城市,B组_GEO本地化信源,1,0
U10656,2026-04-13,二三线城市,B组_GEO本地化信源,5,1
U10657,2026-03-27,海外华人,A组_全球通用信源,6,1
U10658,2026-04-09,二三线城市,B组_GEO本地化信源,1,0
U10659,2026-04-09,一线城市,A组_全球通用信源,2,1
U10660,2026-04-07,一线城市,A组_全球通用信源,1,0
U10661,2026-04-06,一线城市,A组_全球通用信源,1,0
U10662,2026-03-22,二三线城市,B组_GEO本地化信源,1,0
U10663,2026-03-22,一线城市,A组_全球通用信源,0,0
U10664,2026-04-03,一线城市,A组_全球通用信源,1,0
U10665,2026-03-25,二三线城市,B组_GEO本地化信源,4,1
U10666,2026-04-14,一线城市,A组_全球通用信源,4,1
U10667,2026-03-27,二三线城市,B组_GEO本地化信源,2,1
U10668,2026-04-10,二三线城市,A组_全球通用信源,0,0
U10669,2026-03-27,二三线城市,A组_全球通用信源,6,1
U10670,2026-04-02,二三线城市,A组_全球通用信源,0,0
U10671,2026-04-17,一线城市,A组_全球通用信源,3,1
U10672,2026-03-22,二三线城市,A组_全球通用信源,0,0
U10673,2026-03-25,二三线城市,B组_GEO本地化信源,1,0
U10674,2026-04-16,一线城市,A组_全球通用信源,4,1
U10675,2026-03-28,一线城市,A组_全球通用信源,2,1
U10676,2026-04-15,一线城市,A组_全球通用信源,1,0
U10677,2026-03-20,二三线城市,A组_全球通用信源,3,1
U10678,2026-03-26,一线城市,A组_全球通用信源,3,1
U10679,2026-03-25,二三线城市,B组_GEO本地化信源,1,0
U10680,2026-03-23,一线城市,A组_全球通用信源,5,1
U10681,2026-03-29,一线城市,A组_全球通用信源,2,1
U10682,2026-03-25,二三线城市,B组_GEO本地化信源,0,0
U10683,2026-04-04,二三线城市,B组_GEO本地化信源,7,1
U10684,2026-04-05,一线城市,A组_全球通用信源,0,0
U10685,2026-03-31,二三线城市,B组_GEO本地化信源,0,0
U10686,2026-04-13,一线城市,A组_全球通用信源,1,0
U10687,2026-03-21,一线城市,A组_全球通用信源,2,1
U10688,2026-04-18,海外华人,A组_全球通用信源,1,0
U10689,2026-04-05,一线城市,A组_全球通用信源,4,1
U10690,2026-04-02,二三线城市,B组_GEO本地化信源,3,1
U10691,2026-03-26,二三线城市,B组_GEO本地化信源,7,1
U10692,2026-04-16,二三线城市,B组_GEO本地化信源,1,0
U10693,2026-03-29,一线城市,B组_GEO本地化信源,7,1
U10694,2026-03-29,二三线城市,B组_GEO本地化信源,1,0
U10695,2026-03-26,一线城市,A组_全球通用信源,1,0
U10696,2026-04-17,二三线城市,B组_GEO本地化信源,0,0
U10697,2026-04-14,一线城市,A组_全球通用信源,2,1
U10698,2026-04-11,一线城市,A组_全球通用信源,1,0
U10699,2026-03-24,海外华人,B组_GEO本地化信源,1,0
U10700,2026-03-31,二三线城市,B组_GEO本地化信源,0,0
U10701,2026-04-12,海外华人,B组_GEO本地化信源,3,1
U10702,2026-03-31,海外华人,B组_GEO本地化信源,4,1
U10703,2026-04-16,二三线城市,B组_GEO本地化信源,7,1
U10704,2026-04-13,海外华人,A组_全球通用信源,0,0
U10705,2026-04-18,二三线城市,B组_GEO本地化信源,6,1
U10706,2026-04-14,二三线城市,B组_GEO本地化信源,0,0
U10707,2026-03-20,二三线城市,B组_GEO本地化信源,5,1
U10708,2026-04-17,二三线城市,B组_GEO本地化信源,3,1
U10709,2026-03-26,一线城市,A组_全球通用信源,4,1
U10710,2026-03-28,二三线城市,A组_全球通用信源,0,0
U10711,2026-04-09,二三线城市,B组_GEO本地化信源,1,0
U10712,2026-04-15,一线城市,A组_全球通用信源,0,0
U10713,2026-04-15,二三线城市,A组_全球通用信源,2,1
U10714,2026-04-15,一线城市,A组_全球通用信源,0,0
U10715,2026-04-13,二三线城市,B组_GEO本地化信源,4,1
U10716,2026-03-20,二三线城市,B组_GEO本地化信源,1,0
U10717,2026-04-12,二三线城市,B组_GEO本地化信源,0,0
U10718,2026-04-15,二三线城市,B组_GEO本地化信源,1,0
U10719,2026-03-20,一线城市,A组_全球通用信源,4,1
U10720,2026-04-02,一线城市,A组_全球通用信源,4,1
U10721,2026-04-08,二三线城市,B组_GEO本地化信源,1,0
U10722,2026-03-28,一线城市,B组_GEO本地化信源,1,0
U10723,2026-04-10,二三线城市,B组_GEO本地化信源,1,0
U10724,2026-03-25,一线城市,A组_全球通用信源,0,0
U10725,2026-04-08,二三线城市,B组_GEO本地化信源,1,0
U10726,2026-03-23,二三线城市,B组_GEO本地化信源,1,0
U10727,2026-04-07,一线城市,A组_全球通用信源,4,1
U10728,2026-03-20,二三线城市,B组_GEO本地化信源,0,0
U10729,2026-03-28,二三线城市,B组_GEO本地化信源,7,1
U10730,2026-03-22,一线城市,B组_GEO本地化信源,0,0
U10731,2026-03-31,一线城市,A组_全球通用信源,1,0
U10732,2026-04-19,一线城市,A组_全球通用信源,1,0
U10733,2026-04-17,一线城市,A组_全球通用信源,1,0
U10734,2026-04-11,一线城市,A组_全球通用信源,4,1
U10735,2026-03-25,一线城市,A组_全球通用信源,0,0
U10736,2026-03-23,二三线城市,B组_GEO本地化信源,2,1
U10737,2026-04-06,二三线城市,A组_全球通用信源,0,0
U10738,2026-04-07,二三线城市,B组_GEO本地化信源,4,1
U10739,2026-04-13,二三线城市,B组_GEO本地化信源,0,0
U10740,2026-04-08,海外华人,B组_GEO本地化信源,0,0
U10741,2026-04-14,一线城市,A组_全球通用信源,0,0
U10742,2026-04-15,二三线城市,B组_GEO本地化信源,3,1
U10743,2026-04-07,二三线城市,B组_GEO本地化信源,3,1
U10744,2026-04-17,二三线城市,B组_GEO本地化信源,2,1
U10745,2026-04-18,二三线城市,A组_全球通用信源,0,0
U10746,2026-04-17,一线城市,A组_全球通用信源,7,1
U10747,2026-04-12,二三线城市,B组_GEO本地化信源,3,1
U10748,2026-04-12,二三线城市,B组_GEO本地化信源,4,1
U10749,2026-04-05,一线城市,A组_全球通用信源,0,0
U10750,2026-03-30,二三线城市,B组_GEO本地化信源,1,0
U10751,2026-03-22,一线城市,A组_全球通用信源,4,1
U10752,2026-04-01,一线城市,B组_GEO本地化信源,5,1
U10753,2026-04-14,二三线城市,B组_GEO本地化信源,0,0
U10754,2026-03-30,二三线城市,B组_GEO本地化信源,0,0
U10755,2026-04-10,一线城市,A组_全球通用信源,6,1
U10756,2026-04-08,海外华人,A组_全球通用信源,0,0
U10757,2026-03-25,一线城市,A组_全球通用信源,0,0
U10758,2026-04-19,二三线城市,A组_全球通用信源,0,0
U10759,2026-04-17,一线城市,B组_GEO本地化信源,1,0
U10760,2026-04-12,二三线城市,A组_全球通用信源,2,1
U10761,2026-04-10,二三线城市,B组_GEO本地化信源,3,1
U10762,2026-04-16,二三线城市,A组_全球通用信源,0,0
U10763,2026-04-02,一线城市,A组_全球通用信源,1,0
U10764,2026-03-26,一线城市,A组_全球通用信源,4,1
U10765,2026-04-08,二三线城市,B组_GEO本地化信源,1,0
U10766,2026-04-09,二三线城市,B组_GEO本地化信源,6,1
U10767,2026-04-07,一线城市,A组_全球通用信源,5,1
U10768,2026-04-10,一线城市,A组_全球通用信源,2,1
U10769,2026-03-26,二三线城市,B组_GEO本地化信源,1,0
U10770,2026-03-26,二三线城市,B组_GEO本地化信源,6,1
U10771,2026-04-02,海外华人,B组_GEO本地化信源,7,1
U10772,2026-04-14,一线城市,A组_全球通用信源,6,1
U10773,2026-04-10,二三线城市,B组_GEO本地化信源,0,0
U10774,2026-04-13,二三线城市,B组_GEO本地化信源,5,1
U10775,2026-04-18,一线城市,A组_全球通用信源,6,1
U10776,2026-03-27,二三线城市,B组_GEO本地化信源,1,0
U10777,2026-03-30,二三线城市,A组_全球通用信源,1,0
U10778,2026-03-30,二三线城市,B组_GEO本地化信源,1,0
U10779,2026-04-18,二三线城市,B组_GEO本地化信源,2,1
U10780,2026-04-18,一线城市,A组_全球通用信源,0,0
U10781,2026-04-12,一线城市,A组_全球通用信源,0,0
U10782,2026-04-02,一线城市,A组_全球通用信源,0,0
U10783,2026-04-16,二三线城市,A组_全球通用信源,0,0
U10784,2026-03-25,二三线城市,B组_GEO本地化信源,3,1
U10785,2026-03-29,二三线城市,B组_GEO本地化信源,1,0
U10786,2026-03-27,二三线城市,B组_GEO本地化信源,1,0
U10787,2026-03-31,二三线城市,A组_全球通用信源,2,1
U10788,2026-03-31,二三线城市,B组_GEO本地化信源,4,1
U10789,2026-04-12,一线城市,A组_全球通用信源,2,1
U10790,2026-04-04,一线城市,A组_全球通用信源,4,1
U10791,2026-04-17,二三线城市,A组_全球通用信源,1,0
U10792,2026-03-22,二三线城市,B组_GEO本地化信源,1,0
U10793,2026-04-10,二三线城市,B组_GEO本地化信源,7,1
U10794,2026-03-22,一线城市,A组_全球通用信源,3,1
U10795,2026-03-24,二三线城市,A组_全球通用信源,0,0
U10796,2026-04-01,二三线城市,B组_GEO本地化信源,0,0
U10797,2026-03-31,二三线城市,B组_GEO本地化信源,0,0
U10798,2026-03-26,一线城市,B组_GEO本地化信源,1,0
U10799,2026-03-24,二三线城市,A组_全球通用信源,0,0
U10800,2026-04-17,二三线城市,B组_GEO本地化信源,0,0
U10801,2026-04-07,海外华人,A组_全球通用信源,1,0
U10802,2026-04-14,一线城市,A组_全球通用信源,1,0
U10803,2026-04-07,一线城市,A组_全球通用信源,4,1
U10804,2026-04-04,二三线城市,B组_GEO本地化信源,1,0
U10805,2026-03-25,二三线城市,A组_全球通用信源,0,0
U10806,2026-04-04,二三线城市,B组_GEO本地化信源,5,1
U10807,2026-04-11,一线城市,A组_全球通用信源,0,0
U10808,2026-03-20,二三线城市,B组_GEO本地化信源,3,1
U10809,2026-04-04,一线城市,B组_GEO本地化信源,1,0
U10810,2026-04-07,一线城市,A组_全球通用信源,4,1
U10811,2026-03-25,二三线城市,B组_GEO本地化信源,1,0
U10812,2026-04-03,二三线城市,B组_GEO本地化信源,4,1
U10813,2026-03-30,一线城市,A组_全球通用信源,0,0
U10814,2026-04-08,一线城市,A组_全球通用信源,1,0
U10815,2026-03-24,一线城市,A组_全球通用信源,6,1
U10816,2026-04-04,一线城市,A组_全球通用信源,4,1
U10817,2026-04-14,二三线城市,A组_全球通用信源,3,1
U10818,2026-04-16,二三线城市,A组_全球通用信源,0,0
U10819,2026-03-22,一线城市,A组_全球通用信源,5,1
U10820,2026-04-14,二三线城市,A组_全球通用信源,0,0
U10821,2026-04-19,一线城市,A组_全球通用信源,3,1
U10822,2026-04-10,一线城市,A组_全球通用信源,6,1
U10823,2026-03-31,二三线城市,B组_GEO本地化信源,1,0
U10824,2026-03-20,一线城市,A组_全球通用信源,3,1
U10825,2026-04-16,二三线城市,A组_全球通用信源,0,0
U10826,2026-03-20,二三线城市,B组_GEO本地化信源,0,0
U10827,2026-03-24,二三线城市,B组_GEO本地化信源,0,0
U10828,2026-03-25,二三线城市,B组_GEO本地化信源,6,1
U10829,2026-03-28,二三线城市,B组_GEO本地化信源,5,1
U10830,2026-03-23,一线城市,B组_GEO本地化信源,1,0
U10831,2026-03-20,二三线城市,A组_全球通用信源,0,0
U10832,2026-03-27,一线城市,A组_全球通用信源,1,0
U10833,2026-04-11,一线城市,A组_全球通用信源,1,0
U10834,2026-04-16,二三线城市,B组_GEO本地化信源,4,1
U10835,2026-03-29,二三线城市,B组_GEO本地化信源,1,0
U10836,2026-03-25,海外华人,B组_GEO本地化信源,0,0
U10837,2026-04-12,一线城市,B组_GEO本地化信源,1,0
U10838,2026-04-05,海外华人,A组_全球通用信源,1,0
U10839,2026-03-21,二三线城市,B组_GEO本地化信源,1,0
U10840,2026-03-29,二三线城市,A组_全球通用信源,0,0
U10841,2026-03-22,一线城市,A组_全球通用信源,0,0
U10842,2026-04-11,二三线城市,B组_GEO本地化信源,0,0
U10843,2026-04-12,海外华人,B组_GEO本地化信源,0,0
U10844,2026-04-11,一线城市,A组_全球通用信源,5,1
U10845,2026-04-12,二三线城市,B组_GEO本地化信源,0,0
U10846,2026-03-31,一线城市,A组_全球通用信源,2,1
U10847,2026-03-27,二三线城市,A组_全球通用信源,6,1
U10848,2026-04-15,二三线城市,B组_GEO本地化信源,1,0
U10849,2026-04-14,二三线城市,B组_GEO本地化信源,1,0
U10850,2026-04-11,二三线城市,B组_GEO本地化信源,7,1
U10851,2026-04-14,海外华人,B组_GEO本地化信源,0,0
U10852,2026-03-23,二三线城市,A组_全球通用信源,6,1
U10853,2026-03-27,一线城市,A组_全球通用信源,2,1
U10854,2026-04-16,二三线城市,B组_GEO本地化信源,1,0
U10855,2026-04-08,一线城市,A组_全球通用信源,1,0
U10856,2026-04-09,一线城市,A组_全球通用信源,1,0
U10857,2026-04-18,一线城市,B组_GEO本地化信源,7,1
U10858,2026-04-18,二三线城市,B组_GEO本地化信源,5,1
U10859,2026-03-29,二三线城市,B组_GEO本地化信源,5,1
U10860,2026-04-05,二三线城市,B组_GEO本地化信源,1,0
U10861,2026-04-16,一线城市,A组_全球通用信源,4,1
U10862,2026-03-20,二三线城市,B组_GEO本地化信源,0,0
U10863,2026-03-22,二三线城市,B组_GEO本地化信源,0,0
U10864,2026-03-25,一线城市,A组_全球通用信源,2,1
U10865,2026-04-12,二三线城市,B组_GEO本地化信源,2,1
U10866,2026-03-22,二三线城市,B组_GEO本地化信源,2,1
U10867,2026-04-09,二三线城市,B组_GEO本地化信源,6,1
U10868,2026-04-06,二三线城市,B组_GEO本地化信源,0,0
U10869,2026-03-21,海外华人,B组_GEO本地化信源,1,0
U10870,2026-03-26,一线城市,A组_全球通用信源,7,1
U10871,2026-04-14,一线城市,A组_全球通用信源,2,1
U10872,2026-04-12,二三线城市,B组_GEO本地化信源,0,0
U10873,2026-03-30,二三线城市,B组_GEO本地化信源,1,0
U10874,2026-04-07,一线城市,A组_全球通用信源,0,0
U10875,2026-04-15,一线城市,B组_GEO本地化信源,1,0
U10876,2026-03-29,海外华人,A组_全球通用信源,0,0
U10877,2026-04-07,二三线城市,B组_GEO本地化信源,1,0
U10878,2026-03-21,二三线城市,A组_全球通用信源,0,0
U10879,2026-04-13,二三线城市,A组_全球通用信源,0,0
U10880,2026-04-05,二三线城市,A组_全球通用信源,1,0
U10881,2026-04-08,一线城市,A组_全球通用信源,2,1
U10882,2026-04-03,海外华人,A组_全球通用信源,6,1
U10883,2026-03-29,二三线城市,B组_GEO本地化信源,0,0
U10884,2026-04-06,二三线城市,A组_全球通用信源,1,0
U10885,2026-04-19,一线城市,A组_全球通用信源,0,0
U10886,2026-04-14,二三线城市,B组_GEO本地化信源,2,1
U10887,2026-03-30,二三线城市,B组_GEO本地化信源,6,1
U10888,2026-03-26,一线城市,A组_全球通用信源,4,1
U10889,2026-04-01,二三线城市,B组_GEO本地化信源,4,1
U10890,2026-04-14,二三线城市,A组_全球通用信源,7,1
U10891,2026-04-12,二三线城市,B组_GEO本地化信源,2,1
U10892,2026-03-23,一线城市,A组_全球通用信源,2,1
U10893,2026-03-26,二三线城市,A组_全球通用信源,1,0
U10894,2026-03-25,海外华人,B组_GEO本地化信源,1,0
U10895,2026-04-01,一线城市,A组_全球通用信源,2,1
U10896,2026-04-09,二三线城市,B组_GEO本地化信源,0,0
U10897,2026-03-27,一线城市,A组_全球通用信源,1,0
U10898,2026-04-01,一线城市,A组_全球通用信源,1,0
U10899,2026-04-14,二三线城市,B组_GEO本地化信源,0,0
U10900,2026-04-15,二三线城市,B组_GEO本地化信源,4,1
U10901,2026-04-09,二三线城市,B组_GEO本地化信源,4,1
U10902,2026-04-05,海外华人,A组_全球通用信源,2,1
U10903,2026-04-07,一线城市,A组_全球通用信源,0,0
U10904,2026-04-12,二三线城市,B组_GEO本地化信源,0,0
U10905,2026-04-12,一线城市,A组_全球通用信源,0,0
U10906,2026-04-12,二三线城市,B组_GEO本地化信源,3,1
U10907,2026-03-28,一线城市,A组_全球通用信源,0,0
U10908,2026-04-15,二三线城市,B组_GEO本地化信源,0,0
U10909,2026-03-28,海外华人,A组_全球通用信源,2,1
U10910,2026-03-25,一线城市,A组_全球通用信源,0,0
U10911,2026-03-30,海外华人,B组_GEO本地化信源,1,0
U10912,2026-03-22,二三线城市,A组_全球通用信源,0,0
U10913,2026-04-12,一线城市,A组_全球通用信源,1,0
U10914,2026-04-13,二三线城市,B组_GEO本地化信源,1,0
U10915,2026-04-17,海外华人,A组_全球通用信源,0,0
U10916,2026-03-29,二三线城市,B组_GEO本地化信源,0,0
U10917,2026-03-23,二三线城市,B组_GEO本地化信源,3,1
U10918,2026-03-31,二三线城市,A组_全球通用信源,3,1
U10919,2026-03-20,二三线城市,B组_GEO本地化信源,1,0
U10920,2026-04-09,一线城市,A组_全球通用信源,1,0
U10921,2026-03-20,二三线城市,A组_全球通用信源,1,0
U10922,2026-04-16,一线城市,A组_全球通用信源,0,0
U10923,2026-04-08,一线城市,A组_全球通用信源,1,0
U10924,2026-04-17,二三线城市,B组_GEO本地化信源,1,0
U10925,2026-03-30,一线城市,A组_全球通用信源,1,0
U10926,2026-03-22,二三线城市,A组_全球通用信源,1,0
U10927,2026-04-13,二三线城市,B组_GEO本地化信源,1,0
U10928,2026-04-07,一线城市,A组_全球通用信源,0,0
U10929,2026-03-27,一线城市,A组_全球通用信源,7,1
U10930,2026-04-11,二三线城市,B组_GEO本地化信源,0,0
U10931,2026-04-05,二三线城市,B组_GEO本地化信源,1,0
U10932,2026-03-27,二三线城市,A组_全球通用信源,7,1
U10933,2026-03-25,二三线城市,A组_全球通用信源,1,0
U10934,2026-04-10,一线城市,A组_全球通用信源,1,0
U10935,2026-03-31,二三线城市,A组_全球通用信源,1,0
U10936,2026-04-17,二三线城市,B组_GEO本地化信源,2,1
U10937,2026-04-10,二三线城市,B组_GEO本地化信源,2,1
U10938,2026-03-23,海外华人,A组_全球通用信源,0,0
U10939,2026-03-23,二三线城市,A组_全球通用信源,1,0
U10940,2026-03-21,二三线城市,B组_GEO本地化信源,7,1
U10941,2026-03-31,二三线城市,B组_GEO本地化信源,0,0
U10942,2026-04-08,一线城市,A组_全球通用信源,1,0
U10943,2026-04-08,二三线城市,B组_GEO本地化信源,2,1
U10944,2026-04-01,一线城市,B组_GEO本地化信源,4,1
U10945,2026-04-09,二三线城市,A组_全球通用信源,1,0
U10946,2026-04-16,二三线城市,A组_全球通用信源,2,1
U10947,2026-04-03,一线城市,A组_全球通用信源,5,1
U10948,2026-03-24,一线城市,B组_GEO本地化信源,2,1
U10949,2026-03-30,一线城市,A组_全球通用信源,3,1
U10950,2026-03-24,一线城市,A组_全球通用信源,1,0
U10951,2026-04-15,一线城市,A组_全球通用信源,0,0
U10952,2026-04-13,二三线城市,B组_GEO本地化信源,1,0
U10953,2026-04-06,一线城市,A组_全球通用信源,1,0
U10954,2026-04-10,二三线城市,B组_GEO本地化信源,3,1
U10955,2026-03-24,一线城市,A组_全球通用信源,1,0
U10956,2026-04-16,二三线城市,B组_GEO本地化信源,1,0
U10957,2026-03-31,海外华人,B组_GEO本地化信源,1,0
U10958,2026-04-04,一线城市,B组_GEO本地化信源,5,1
U10959,2026-03-31,海外华人,A组_全球通用信源,4,1
U10960,2026-04-17,二三线城市,B组_GEO本地化信源,0,0
U10961,2026-03-26,二三线城市,B组_GEO本地化信源,1,0
U10962,2026-04-02,二三线城市,B组_GEO本地化信源,0,0
U10963,2026-04-11,二三线城市,B组_GEO本地化信源,1,0
U10964,2026-04-04,二三线城市,B组_GEO本地化信源,1,0
U10965,2026-04-19,二三线城市,B组_GEO本地化信源,1,0
U10966,2026-03-20,二三线城市,B组_GEO本地化信源,0,0
U10967,2026-04-03,二三线城市,A组_全球通用信源,0,0
U10968,2026-04-18,一线城市,A组_全球通用信源,0,0
U10969,2026-03-27,一线城市,A组_全球通用信源,0,0
U10970,2026-04-18,一线城市,A组_全球通用信源,0,0
U10971,2026-04-08,二三线城市,B组_GEO本地化信源,7,1
U10972,2026-03-21,二三线城市,A组_全球通用信源,3,1
U10973,2026-03-20,一线城市,A组_全球通用信源,5,1
U10974,2026-03-21,一线城市,A组_全球通用信源,7,1
U10975,2026-04-10,二三线城市,B组_GEO本地化信源,0,0
U10976,2026-04-14,二三线城市,A组_全球通用信源,0,0
U10977,2026-03-28,二三线城市,B组_GEO本地化信源,0,0
U10978,2026-04-13,一线城市,B组_GEO本地化信源,1,0
U10979,2026-03-30,一线城市,A组_全球通用信源,1,0
U10980,2026-03-27,二三线城市,B组_GEO本地化信源,2,1
U10981,2026-04-19,海外华人,A组_全球通用信源,1,0
U10982,2026-03-24,二三线城市,A组_全球通用信源,5,1
U10983,2026-04-07,海外华人,A组_全球通用信源,3,1
U10984,2026-04-06,一线城市,B组_GEO本地化信源,4,1
U10985,2026-04-18,一线城市,A组_全球通用信源,7,1
U10986,2026-03-29,二三线城市,A组_全球通用信源,2,1
U10987,2026-03-27,海外华人,A组_全球通用信源,0,0
U10988,2026-04-12,二三线城市,A组_全球通用信源,0,0
U10989,2026-04-15,海外华人,A组_全球通用信源,1,0
U10990,2026-04-13,一线城市,A组_全球通用信源,3,1
U10991,2026-04-14,一线城市,A组_全球通用信源,1,0
U10992,2026-04-03,一线城市,A组_全球通用信源,0,0
U10993,2026-04-03,二三线城市,B组_GEO本地化信源,1,0
U10994,2026-04-18,二三线城市,A组_全球通用信源,1,0
U10995,2026-04-02,海外华人,B组_GEO本地化信源,6,1
U10996,2026-04-01,二三线城市,A组_全球通用信源,6,1
U10997,2026-03-25,二三线城市,A组_全球通用信源,1,0
U10998,2026-03-22,一线城市,A组_全球通用信源,1,0
U10999,2026-04-09,海外华人,B组_GEO本地化信源,7,1
U11000,2026-03-29,二三线城市,B组_GEO本地化信源,1,0
U11001,2026-04-06,二三线城市,B组_GEO本地化信源,1,0
U11002,2026-03-25,二三线城市,B组_GEO本地化信源,0,0
U11003,2026-03-23,二三线城市,B组_GEO本地化信源,6,1
U11004,2026-04-09,一线城市,A组_全球通用信源,0,0
U11005,2026-04-08,海外华人,B组_GEO本地化信源,0,0
U11006,2026-03-31,一线城市,A组_全球通用信源,7,1
U11007,2026-04-15,海外华人,B组_GEO本地化信源,4,1
U11008,2026-03-27,海外华人,A组_全球通用信源,0,0
U11009,2026-04-14,二三线城市,B组_GEO本地化信源,7,1
U11010,2026-04-11,二三线城市,A组_全球通用信源,1,0
U11011,2026-03-21,一线城市,B组_GEO本地化信源,0,0
U11012,2026-03-24,一线城市,A组_全球通用信源,5,1
U11013,2026-03-31,一线城市,A组_全球通用信源,2,1
U11014,2026-03-27,二三线城市,B组_GEO本地化信源,1,0
U11015,2026-03-29,二三线城市,B组_GEO本地化信源,1,0
U11016,2026-04-17,一线城市,A组_全球通用信源,0,0
U11017,2026-03-31,二三线城市,A组_全球通用信源,0,0
U11018,2026-04-11,一线城市,A组_全球通用信源,6,1
U11019,2026-04-05,一线城市,A组_全球通用信源,3,1
U11020,2026-04-03,二三线城市,A组_全球通用信源,1,0
U11021,2026-03-22,海外华人,A组_全球通用信源,1,0
U11022,2026-03-23,二三线城市,B组_GEO本地化信源,0,0
U11023,2026-04-08,二三线城市,A组_全球通用信源,0,0
U11024,2026-04-17,一线城市,A组_全球通用信源,0,0
U11025,2026-03-21,一线城市,A组_全球通用信源,2,1
U11026,2026-04-14,一线城市,B组_GEO本地化信源,1,0
U11027,2026-03-25,二三线城市,B组_GEO本地化信源,0,0
U11028,2026-04-02,海外华人,B组_GEO本地化信源,1,0
U11029,2026-03-31,一线城市,A组_全球通用信源,1,0
U11030,2026-03-28,海外华人,A组_全球通用信源,1,0
U11031,2026-04-01,二三线城市,B组_GEO本地化信源,4,1
U11032,2026-04-07,二三线城市,B组_GEO本地化信源,0,0
U11033,2026-04-08,二三线城市,B组_GEO本地化信源,1,0
U11034,2026-04-10,海外华人,B组_GEO本地化信源,0,0
U11035,2026-03-28,二三线城市,B组_GEO本地化信源,1,0
U11036,2026-03-23,二三线城市,A组_全球通用信源,4,1
U11037,2026-04-18,二三线城市,A组_全球通用信源,1,0
U11038,2026-04-15,二三线城市,B组_GEO本地化信源,7,1
U11039,2026-03-22,一线城市,A组_全球通用信源,2,1
U11040,2026-04-12,二三线城市,B组_GEO本地化信源,0,0
U11041,2026-03-25,一线城市,A组_全球通用信源,6,1
U11042,2026-04-10,一线城市,A组_全球通用信源,4,1
U11043,2026-03-27,海外华人,A组_全球通用信源,6,1
U11044,2026-04-18,一线城市,A组_全球通用信源,3,1
U11045,2026-04-12,二三线城市,A组_全球通用信源,0,0
U11046,2026-03-30,二三线城市,B组_GEO本地化信源,1,0
U11047,2026-03-27,海外华人,A组_全球通用信源,0,0
U11048,2026-04-10,一线城市,A组_全球通用信源,1,0
U11049,2026-04-18,二三线城市,B组_GEO本地化信源,1,0
U11050,2026-03-31,海外华人,A组_全球通用信源,6,1
U11051,2026-03-21,二三线城市,A组_全球通用信源,0,0
U11052,2026-04-09,二三线城市,A组_全球通用信源,0,0
U11053,2026-04-05,一线城市,A组_全球通用信源,1,0
U11054,2026-03-26,二三线城市,A组_全球通用信源,4,1
U11055,2026-04-04,一线城市,A组_全球通用信源,0,0
U11056,2026-04-14,二三线城市,B组_GEO本地化信源,1,0
U11057,2026-04-10,海外华人,B组_GEO本地化信源,1,0
U11058,2026-03-23,二三线城市,B组_GEO本地化信源,1,0
U11059,2026-04-07,一线城市,A组_全球通用信源,0,0
U11060,2026-03-20,二三线城市,B组_GEO本地化信源,5,1
U11061,2026-04-09,海外华人,B组_GEO本地化信源,0,0
U11062,2026-03-31,一线城市,A组_全球通用信源,5,1
U11063,2026-03-21,一线城市,A组_全球通用信源,0,0
U11064,2026-04-13,二三线城市,B组_GEO本地化信源,1,0
U11065,2026-04-16,二三线城市,B组_GEO本地化信源,0,0
U11066,2026-04-02,二三线城市,B组_GEO本地化信源,1,0
U11067,2026-03-29,二三线城市,A组_全球通用信源,0,0
U11068,2026-04-06,海外华人,B组_GEO本地化信源,5,1
U11069,2026-04-13,一线城市,A组_全球通用信源,7,1
U11070,2026-03-27,二三线城市,A组_全球通用信源,0,0
U11071,2026-03-21,二三线城市,B组_GEO本地化信源,3,1
U11072,2026-04-02,二三线城市,B组_GEO本地化信源,1,0
U11073,2026-04-14,一线城市,B组_GEO本地化信源,0,0
U11074,2026-04-09,海外华人,B组_GEO本地化信源,1,0
U11075,2026-04-19,二三线城市,B组_GEO本地化信源,2,1
U11076,2026-04-16,海外华人,B组_GEO本地化信源,1,0
U11077,2026-04-07,二三线城市,B组_GEO本地化信源,0,0
U11078,2026-03-27,一线城市,A组_全球通用信源,0,0
U11079,2026-03-22,一线城市,A组_全球通用信源,1,0
U11080,2026-03-28,海外华人,A组_全球通用信源,2,1
U11081,2026-04-10,二三线城市,A组_全球通用信源,1,0
U11082,2026-03-20,二三线城市,B组_GEO本地化信源,5,1
U11083,2026-04-11,海外华人,A组_全球通用信源,0,0
U11084,2026-04-15,二三线城市,B组_GEO本地化信源,3,1
U11085,2026-04-03,一线城市,B组_GEO本地化信源,1,0
U11086,2026-04-02,二三线城市,A组_全球通用信源,1,0
U11087,2026-04-19,一线城市,A组_全球通用信源,0,0
U11088,2026-04-14,二三线城市,A组_全球通用信源,5,1
U11089,2026-03-21,一线城市,A组_全球通用信源,6,1
U11090,2026-04-19,海外华人,A组_全球通用信源,0,0
U11091,2026-03-22,一线城市,A组_全球通用信源,5,1
U11092,2026-04-14,一线城市,A组_全球通用信源,0,0
U11093,2026-03-30,二三线城市,B组_GEO本地化信源,0,0
U11094,2026-04-13,一线城市,A组_全球通用信源,0,0
U11095,2026-03-23,一线城市,A组_全球通用信源,0,0
U11096,2026-04-07,一线城市,A组_全球通用信源,1,0
U11097,2026-03-29,二三线城市,A组_全球通用信源,2,1
U11098,2026-03-25,二三线城市,B组_GEO本地化信源,0,0
U11099,2026-04-03,二三线城市,B组_GEO本地化信源,0,0
U11100,2026-04-18,二三线城市,A组_全球通用信源,5,1
U11101,2026-04-10,一线城市,A组_全球通用信源,3,1
U11102,2026-04-10,二三线城市,B组_GEO本地化信源,7,1
U11103,2026-04-13,二三线城市,B组_GEO本地化信源,6,1
U11104,2026-03-22,二三线城市,B组_GEO本地化信源,0,0
U11105,2026-04-13,一线城市,A组_全球通用信源,0,0
U11106,2026-04-01,二三线城市,B组_GEO本地化信源,2,1
U11107,2026-04-12,二三线城市,A组_全球通用信源,0,0
U11108,2026-03-28,二三线城市,A组_全球通用信源,0,0
U11109,2026-04-09,一线城市,A组_全球通用信源,1,0
U11110,2026-04-05,一线城市,A组_全球通用信源,4,1
U11111,2026-04-03,二三线城市,B组_GEO本地化信源,3,1
U11112,2026-03-22,海外华人,A组_全球通用信源,4,1
U11113,2026-03-27,二三线城市,A组_全球通用信源,0,0
U11114,2026-04-11,一线城市,B组_GEO本地化信源,1,0
U11115,2026-03-26,二三线城市,B组_GEO本地化信源,4,1
U11116,2026-03-21,二三线城市,A组_全球通用信源,3,1
U11117,2026-03-28,二三线城市,A组_全球通用信源,0,0
U11118,2026-04-09,一线城市,A组_全球通用信源,1,0
U11119,2026-03-24,海外华人,B组_GEO本地化信源,0,0
U11120,2026-04-02,二三线城市,B组_GEO本地化信源,6,1
U11121,2026-03-31,一线城市,A组_全球通用信源,3,1
U11122,2026-03-27,一线城市,A组_全球通用信源,5,1
U11123,2026-03-21,二三线城市,B组_GEO本地化信源,0,0
U11124,2026-03-21,二三线城市,A组_全球通用信源,4,1
U11125,2026-04-03,海外华人,A组_全球通用信源,7,1
U11126,2026-04-13,二三线城市,B组_GEO本地化信源,5,1
U11127,2026-04-03,海外华人,B组_GEO本地化信源,0,0
U11128,2026-04-16,二三线城市,A组_全球通用信源,1,0
U11129,2026-03-25,二三线城市,B组_GEO本地化信源,6,1
U11130,2026-04-04,二三线城市,B组_GEO本地化信源,5,1
U11131,2026-04-15,一线城市,A组_全球通用信源,7,1
U11132,2026-04-03,一线城市,A组_全球通用信源,5,1
U11133,2026-04-08,二三线城市,B组_GEO本地化信源,3,1
U11134,2026-04-07,一线城市,A组_全球通用信源,3,1
U11135,2026-03-24,二三线城市,B组_GEO本地化信源,7,1
U11136,2026-04-15,海外华人,B组_GEO本地化信源,3,1
U11137,2026-03-22,二三线城市,B组_GEO本地化信源,4,1
U11138,2026-03-30,一线城市,A组_全球通用信源,7,1
U11139,2026-04-02,一线城市,B组_GEO本地化信源,1,0
U11140,2026-03-29,二三线城市,B组_GEO本地化信源,1,0
U11141,2026-04-12,二三线城市,B组_GEO本地化信源,2,1
U11142,2026-04-16,二三线城市,B组_GEO本地化信源,0,0
U11143,2026-04-17,一线城市,A组_全球通用信源,3,1
U11144,2026-04-07,二三线城市,B组_GEO本地化信源,1,0
U11145,2026-03-22,海外华人,A组_全球通用信源,7,1
U11146,2026-03-22,一线城市,A组_全球通用信源,0,0
U11147,2026-04-15,一线城市,B组_GEO本地化信源,7,1
U11148,2026-04-09,海外华人,A组_全球通用信源,0,0
U11149,2026-04-03,二三线城市,A组_全球通用信源,4,1
U11150,2026-04-13,一线城市,B组_GEO本地化信源,0,0
U11151,2026-03-27,二三线城市,B组_GEO本地化信源,3,1
U11152,2026-03-27,二三线城市,B组_GEO本地化信源,2,1
U11153,2026-04-08,二三线城市,B组_GEO本地化信源,0,0
U11154,2026-04-08,二三线城市,B组_GEO本地化信源,0,0
U11155,2026-04-05,海外华人,A组_全球通用信源,5,1
U11156,2026-04-11,二三线城市,B组_GEO本地化信源,1,0
U11157,2026-03-25,二三线城市,B组_GEO本地化信源,1,0
U11158,2026-03-21,二三线城市,A组_全球通用信源,1,0
U11159,2026-04-08,二三线城市,B组_GEO本地化信源,6,1
U11160,2026-04-17,二三线城市,B组_GEO本地化信源,1,0
U11161,2026-03-27,二三线城市,B组_GEO本地化信源,4,1
U11162,2026-04-01,一线城市,A组_全球通用信源,3,1
U11163,2026-04-09,一线城市,A组_全球通用信源,1,0
U11164,2026-04-17,二三线城市,B组_GEO本地化信源,1,0
U11165,2026-04-10,二三线城市,B组_GEO本地化信源,7,1
U11166,2026-04-01,二三线城市,A组_全球通用信源,1,0
U11167,2026-04-06,二三线城市,A组_全球通用信源,1,0
U11168,2026-04-05,一线城市,A组_全球通用信源,0,0
U11169,2026-04-06,一线城市,A组_全球通用信源,0,0
U11170,2026-04-10,二三线城市,B组_GEO本地化信源,5,1
U11171,2026-03-25,二三线城市,B组_GEO本地化信源,6,1
U11172,2026-04-13,二三线城市,B组_GEO本地化信源,1,0
U11173,2026-04-19,二三线城市,A组_全球通用信源,3,1
U11174,2026-04-13,二三线城市,B组_GEO本地化信源,1,0
U11175,2026-04-19,二三线城市,A组_全球通用信源,1,0
U11176,2026-04-05,二三线城市,B组_GEO本地化信源,2,1
U11177,2026-04-08,一线城市,A组_全球通用信源,2,1
U11178,2026-04-02,二三线城市,A组_全球通用信源,2,1
U11179,2026-03-26,一线城市,A组_全球通用信源,0,0
U11180,2026-04-17,一线城市,A组_全球通用信源,5,1
U11181,2026-03-31,一线城市,A组_全球通用信源,3,1
U11182,2026-03-22,海外华人,A组_全球通用信源,4,1
U11183,2026-03-31,一线城市,A组_全球通用信源,7,1
U11184,2026-04-02,二三线城市,B组_GEO本地化信源,3,1
U11185,2026-04-01,二三线城市,B组_GEO本地化信源,4,1
U11186,2026-03-24,海外华人,A组_全球通用信源,7,1
U11187,2026-03-21,二三线城市,B组_GEO本地化信源,5,1
U11188,2026-03-31,海外华人,A组_全球通用信源,0,0
U11189,2026-03-22,一线城市,B组_GEO本地化信源,0,0
U11190,2026-03-26,一线城市,A组_全球通用信源,2,1
U11191,2026-03-26,二三线城市,A组_全球通用信源,2,1
U11192,2026-04-10,二三线城市,B组_GEO本地化信源,1,0
U11193,2026-04-10,一线城市,A组_全球通用信源,7,1
U11194,2026-04-01,二三线城市,B组_GEO本地化信源,5,1
U11195,2026-03-26,一线城市,A组_全球通用信源,0,0
U11196,2026-04-18,一线城市,A组_全球通用信源,4,1
U11197,2026-04-15,一线城市,A组_全球通用信源,4,1
U11198,2026-03-30,二三线城市,A组_全球通用信源,0,0
U11199,2026-04-16,一线城市,A组_全球通用信源,4,1
U11200,2026-04-07,一线城市,A组_全球通用信源,7,1
U11201,2026-04-11,二三线城市,B组_GEO本地化信源,1,0
U11202,2026-03-26,二三线城市,B组_GEO本地化信源,6,1
U11203,2026-03-30,一线城市,A组_全球通用信源,7,1
U11204,2026-04-14,二三线城市,B组_GEO本地化信源,2,1
U11205,2026-03-28,二三线城市,B组_GEO本地化信源,0,0
U11206,2026-04-01,二三线城市,A组_全球通用信源,4,1
U11207,2026-04-03,海外华人,A组_全球通用信源,1,0
U11208,2026-03-27,一线城市,A组_全球通用信源,1,0
U11209,2026-04-13,二三线城市,A组_全球通用信源,3,1
U11210,2026-04-13,海外华人,A组_全球通用信源,2,1
U11211,2026-04-17,一线城市,A组_全球通用信源,4,1
U11212,2026-04-17,二三线城市,B组_GEO本地化信源,2,1
U11213,2026-03-31,二三线城市,B组_GEO本地化信源,2,1
U11214,2026-04-04,一线城市,A组_全球通用信源,0,0
U11215,2026-04-12,一线城市,B组_GEO本地化信源,1,0
U11216,2026-03-26,二三线城市,A组_全球通用信源,0,0
U11217,2026-04-05,一线城市,A组_全球通用信源,6,1
U11218,2026-04-13,二三线城市,B组_GEO本地化信源,0,0
U11219,2026-03-27,海外华人,B组_GEO本地化信源,0,0
U11220,2026-04-15,二三线城市,B组_GEO本地化信源,5,1
U11221,2026-04-09,二三线城市,A组_全球通用信源,0,0
U11222,2026-04-16,一线城市,A组_全球通用信源,1,0
U11223,2026-03-30,海外华人,A组_全球通用信源,1,0
U11224,2026-03-23,海外华人,B组_GEO本地化信源,0,0
U11225,2026-03-24,二三线城市,A组_全球通用信源,6,1
U11226,2026-03-26,海外华人,B组_GEO本地化信源,6,1
U11227,2026-03-22,一线城市,A组_全球通用信源,7,1
U11228,2026-03-30,二三线城市,B组_GEO本地化信源,4,1
U11229,2026-03-29,一线城市,A组_全球通用信源,1,0
U11230,2026-04-05,二三线城市,B组_GEO本地化信源,0,0
U11231,2026-04-04,一线城市,A组_全球通用信源,2,1
U11232,2026-04-19,海外华人,B组_GEO本地化信源,1,0
U11233,2026-04-02,二三线城市,B组_GEO本地化信源,0,0
U11234,2026-04-08,二三线城市,B组_GEO本地化信源,1,0
U11235,2026-04-10,二三线城市,B组_GEO本地化信源,5,1
U11236,2026-03-29,一线城市,A组_全球通用信源,0,0
U11237,2026-04-19,二三线城市,A组_全球通用信源,6,1
U11238,2026-03-23,二三线城市,B组_GEO本地化信源,1,0
U11239,2026-04-17,二三线城市,B组_GEO本地化信源,3,1
U11240,2026-04-12,二三线城市,A组_全球通用信源,0,0
U11241,2026-04-02,一线城市,B组_GEO本地化信源,7,1
U11242,2026-04-18,一线城市,A组_全球通用信源,1,0
U11243,2026-04-10,二三线城市,B组_GEO本地化信源,1,0
U11244,2026-04-15,二三线城市,B组_GEO本地化信源,1,0
U11245,2026-03-27,一线城市,A组_全球通用信源,0,0
U11246,2026-04-19,二三线城市,B组_GEO本地化信源,3,1
U11247,2026-04-04,一线城市,A组_全球通用信源,6,1
U11248,2026-04-13,二三线城市,B组_GEO本地化信源,0,0
U11249,2026-04-10,二三线城市,B组_GEO本地化信源,6,1
U11250,2026-04-17,一线城市,A组_全球通用信源,7,1
U11251,2026-04-08,一线城市,A组_全球通用信源,2,1
U11252,2026-04-17,二三线城市,B组_GEO本地化信源,0,0
U11253,2026-04-03,海外华人,B组_GEO本地化信源,1,0
U11254,2026-03-22,一线城市,A组_全球通用信源,1,0
U11255,2026-04-12,二三线城市,B组_GEO本地化信源,1,0
U11256,2026-04-01,二三线城市,B组_GEO本地化信源,0,0
U11257,2026-04-18,二三线城市,B组_GEO本地化信源,6,1
U11258,2026-04-07,二三线城市,B组_GEO本地化信源,1,0
U11259,2026-04-04,二三线城市,B组_GEO本地化信源,2,1
U11260,2026-04-07,二三线城市,A组_全球通用信源,1,0
U11261,2026-03-30,二三线城市,A组_全球通用信源,3,1
U11262,2026-04-13,二三线城市,B组_GEO本地化信源,7,1
U11263,2026-03-23,二三线城市,A组_全球通用信源,0,0
U11264,2026-04-08,二三线城市,B组_GEO本地化信源,1,0
U11265,2026-03-29,二三线城市,B组_GEO本地化信源,6,1
U11266,2026-04-05,二三线城市,B组_GEO本地化信源,0,0
U11267,2026-04-10,一线城市,A组_全球通用信源,4,1
U11268,2026-04-17,二三线城市,B组_GEO本地化信源,3,1
U11269,2026-04-15,一线城市,A组_全球通用信源,3,1
U11270,2026-03-20,二三线城市,B组_GEO本地化信源,6,1
U11271,2026-04-02,二三线城市,B组_GEO本地化信源,5,1
U11272,2026-04-13,二三线城市,B组_GEO本地化信源,0,0
U11273,2026-03-23,二三线城市,A组_全球通用信源,3,1
U11274,2026-04-19,海外华人,A组_全球通用信源,1,0
U11275,2026-04-07,一线城市,B组_GEO本地化信源,1,0
U11276,2026-04-17,二三线城市,A组_全球通用信源,0,0
U11277,2026-03-28,二三线城市,A组_全球通用信源,1,0
U11278,2026-04-11,二三线城市,A组_全球通用信源,0,0
U11279,2026-04-15,一线城市,A组_全球通用信源,5,1
U11280,2026-04-08,二三线城市,B组_GEO本地化信源,0,0
U11281,2026-03-29,一线城市,A组_全球通用信源,1,0
U11282,2026-04-19,一线城市,A组_全球通用信源,1,0
U11283,2026-03-23,一线城市,B组_GEO本地化信源,0,0
U11284,2026-03-20,二三线城市,A组_全球通用信源,0,0
U11285,2026-04-14,二三线城市,B组_GEO本地化信源,0,0
U11286,2026-04-06,二三线城市,B组_GEO本地化信源,4,1
U11287,2026-03-28,二三线城市,B组_GEO本地化信源,6,1
U11288,2026-04-05,二三线城市,B组_GEO本地化信源,1,0
U11289,2026-03-27,一线城市,A组_全球通用信源,1,0
U11290,2026-04-13,二三线城市,B组_GEO本地化信源,1,0
U11291,2026-03-20,二三线城市,B组_GEO本地化信源,2,1
U11292,2026-04-02,二三线城市,B组_GEO本地化信源,1,0
U11293,2026-04-05,二三线城市,B组_GEO本地化信源,1,0
U11294,2026-04-11,二三线城市,B组_GEO本地化信源,3,1
U11295,2026-03-23,二三线城市,B组_GEO本地化信源,6,1
U11296,2026-04-11,一线城市,A组_全球通用信源,7,1
U11297,2026-03-23,二三线城市,B组_GEO本地化信源,1,0
U11298,2026-04-01,二三线城市,B组_GEO本地化信源,4,1
U11299,2026-04-16,二三线城市,B组_GEO本地化信源,1,0
U11300,2026-04-14,二三线城市,B组_GEO本地化信源,4,1
U11301,2026-04-08,二三线城市,B组_GEO本地化信源,1,0
U11302,2026-04-12,一线城市,A组_全球通用信源,2,1
U11303,2026-04-04,一线城市,A组_全球通用信源,0,0
U11304,2026-04-10,一线城市,A组_全球通用信源,3,1
U11305,2026-04-06,一线城市,A组_全球通用信源,6,1
U11306,2026-04-04,二三线城市,B组_GEO本地化信源,0,0
U11307,2026-04-14,一线城市,A组_全球通用信源,7,1
U11308,2026-04-09,二三线城市,B组_GEO本地化信源,6,1
U11309,2026-04-12,二三线城市,B组_GEO本地化信源,5,1
U11310,2026-04-13,一线城市,B组_GEO本地化信源,6,1
U11311,2026-03-21,二三线城市,B组_GEO本地化信源,0,0
U11312,2026-04-12,一线城市,B组_GEO本地化信源,1,0
U11313,2026-04-01,海外华人,B组_GEO本地化信源,1,0
U11314,2026-04-16,海外华人,B组_GEO本地化信源,1,0
U11315,2026-04-09,一线城市,A组_全球通用信源,4,1
U11316,2026-04-09,一线城市,B组_GEO本地化信源,5,1
U11317,2026-04-15,二三线城市,B组_GEO本地化信源,0,0
U11318,2026-04-12,二三线城市,B组_GEO本地化信源,3,1
U11319,2026-04-11,一线城市,A组_全球通用信源,7,1
U11320,2026-03-29,二三线城市,B组_GEO本地化信源,1,0
U11321,2026-04-17,二三线城市,A组_全球通用信源,4,1
U11322,2026-04-14,一线城市,A组_全球通用信源,0,0
U11323,2026-04-18,二三线城市,B组_GEO本地化信源,0,0
U11324,2026-03-21,二三线城市,A组_全球通用信源,0,0
U11325,2026-04-14,二三线城市,A组_全球通用信源,1,0
U11326,2026-04-11,一线城市,A组_全球通用信源,1,0
U11327,2026-04-04,二三线城市,B组_GEO本地化信源,5,1
U11328,2026-04-01,二三线城市,B组_GEO本地化信源,2,1
U11329,2026-03-23,海外华人,A组_全球通用信源,2,1
U11330,2026-04-07,一线城市,A组_全球通用信源,3,1
U11331,2026-03-20,一线城市,A组_全球通用信源,3,1
U11332,2026-03-26,海外华人,A组_全球通用信源,1,0
U11333,2026-03-26,一线城市,A组_全球通用信源,1,0
U11334,2026-04-07,一线城市,A组_全球通用信源,0,0
U11335,2026-04-15,二三线城市,B组_GEO本地化信源,5,1
U11336,2026-04-11,二三线城市,B组_GEO本地化信源,3,1
U11337,2026-04-19,一线城市,B组_GEO本地化信源,1,0
U11338,2026-04-15,海外华人,B组_GEO本地化信源,1,0
U11339,2026-04-05,二三线城市,B组_GEO本地化信源,1,0
U11340,2026-03-25,二三线城市,B组_GEO本地化信源,0,0
U11341,2026-03-26,二三线城市,B组_GEO本地化信源,5,1
U11342,2026-03-23,一线城市,A组_全球通用信源,5,1
U11343,2026-04-12,二三线城市,B组_GEO本地化信源,2,1
U11344,2026-04-05,一线城市,A组_全球通用信源,6,1
U11345,2026-03-28,二三线城市,B组_GEO本地化信源,1,0
U11346,2026-04-19,一线城市,A组_全球通用信源,0,0
U11347,2026-03-24,一线城市,A组_全球通用信源,1,0
U11348,2026-03-29,一线城市,A组_全球通用信源,7,1
U11349,2026-03-29,二三线城市,B组_GEO本地化信源,7,1
U11350,2026-04-04,二三线城市,B组_GEO本地化信源,0,0
U11351,2026-03-22,一线城市,A组_全球通用信源,7,1
U11352,2026-04-03,一线城市,A组_全球通用信源,1,0
U11353,2026-04-03,二三线城市,A组_全球通用信源,4,1
U11354,2026-04-13,二三线城市,A组_全球通用信源,2,1
U11355,2026-03-21,海外华人,B组_GEO本地化信源,3,1
U11356,2026-04-13,二三线城市,B组_GEO本地化信源,0,0
U11357,2026-04-01,二三线城市,B组_GEO本地化信源,5,1
U11358,2026-03-24,二三线城市,B组_GEO本地化信源,7,1
U11359,2026-04-15,一线城市,A组_全球通用信源,1,0
U11360,2026-03-28,一线城市,A组_全球通用信源,5,1
U11361,2026-04-16,一线城市,A组_全球通用信源,0,0
U11362,2026-04-05,二三线城市,B组_GEO本地化信源,1,0
U11363,2026-04-18,二三线城市,B组_GEO本地化信源,5,1
U11364,2026-04-06,二三线城市,B组_GEO本地化信源,0,0
U11365,2026-03-26,一线城市,A组_全球通用信源,1,0
U11366,2026-03-22,二三线城市,B组_GEO本地化信源,0,0
U11367,2026-04-13,一线城市,A组_全球通用信源,0,0
U11368,2026-03-23,二三线城市,B组_GEO本地化信源,0,0
U11369,2026-04-10,二三线城市,A组_全球通用信源,5,1
U11370,2026-04-16,一线城市,A组_全球通用信源,2,1
U11371,2026-04-09,二三线城市,B组_GEO本地化信源,1,0
U11372,2026-04-03,二三线城市,A组_全球通用信源,6,1
U11373,2026-04-01,一线城市,A组_全球通用信源,7,1
U11374,2026-03-20,海外华人,A组_全球通用信源,1,0
U11375,2026-04-05,二三线城市,A组_全球通用信源,1,0
U11376,2026-03-31,一线城市,A组_全球通用信源,0,0
U11377,2026-04-18,一线城市,A组_全球通用信源,1,0
U11378,2026-04-13,一线城市,B组_GEO本地化信源,0,0
U11379,2026-04-18,二三线城市,B组_GEO本地化信源,0,0
U11380,2026-04-13,二三线城市,B组_GEO本地化信源,1,0
U11381,2026-03-22,一线城市,B组_GEO本地化信源,6,1
U11382,2026-04-03,二三线城市,B组_GEO本地化信源,1,0
U11383,2026-03-20,二三线城市,A组_全球通用信源,0,0
U11384,2026-04-13,海外华人,B组_GEO本地化信源,1,0
U11385,2026-04-12,二三线城市,A组_全球通用信源,1,0
U11386,2026-03-22,二三线城市,B组_GEO本地化信源,0,0
U11387,2026-04-08,一线城市,A组_全球通用信源,1,0
U11388,2026-03-23,二三线城市,B组_GEO本地化信源,0,0
U11389,2026-04-08,一线城市,A组_全球通用信源,5,1
U11390,2026-03-27,二三线城市,A组_全球通用信源,1,0
U11391,2026-04-04,一线城市,A组_全球通用信源,4,1
U11392,2026-03-21,二三线城市,B组_GEO本地化信源,7,1
U11393,2026-04-16,二三线城市,B组_GEO本地化信源,7,1
U11394,2026-04-05,一线城市,A组_全球通用信源,5,1
U11395,2026-03-26,二三线城市,B组_GEO本地化信源,0,0
U11396,2026-04-03,二三线城市,B组_GEO本地化信源,0,0
U11397,2026-03-31,二三线城市,B组_GEO本地化信源,1,0
U11398,2026-03-25,海外华人,A组_全球通用信源,1,0
U11399,2026-04-16,一线城市,B组_GEO本地化信源,3,1
U11400,2026-03-25,海外华人,A组_全球通用信源,5,1
U11401,2026-04-17,一线城市,A组_全球通用信源,0,0
U11402,2026-03-30,海外华人,B组_GEO本地化信源,1,0
U11403,2026-03-29,海外华人,B组_GEO本地化信源,0,0
U11404,2026-04-07,一线城市,B组_GEO本地化信源,3,1
U11405,2026-04-09,二三线城市,B组_GEO本地化信源,0,0
U11406,2026-04-09,二三线城市,B组_GEO本地化信源,1,0
U11407,2026-04-10,一线城市,B组_GEO本地化信源,1,0
U11408,2026-04-08,一线城市,A组_全球通用信源,0,0
U11409,2026-03-22,二三线城市,A组_全球通用信源,0,0
U11410,2026-04-09,海外华人,B组_GEO本地化信源,4,1
U11411,2026-03-25,二三线城市,B组_GEO本地化信源,2,1
U11412,2026-04-05,二三线城市,B组_GEO本地化信源,6,1
U11413,2026-04-09,一线城市,A组_全球通用信源,1,0
U11414,2026-03-21,一线城市,A组_全球通用信源,1,0
U11415,2026-04-19,一线城市,A组_全球通用信源,4,1
U11416,2026-03-28,一线城市,A组_全球通用信源,0,0
U11417,2026-03-25,二三线城市,A组_全球通用信源,1,0
U11418,2026-04-01,一线城市,A组_全球通用信源,0,0
U11419,2026-03-25,海外华人,A组_全球通用信源,6,1
U11420,2026-04-16,一线城市,A组_全球通用信源,3,1
U11421,2026-04-12,二三线城市,A组_全球通用信源,4,1
U11422,2026-04-10,二三线城市,B组_GEO本地化信源,1,0
U11423,2026-03-26,二三线城市,A组_全球通用信源,4,1
U11424,2026-04-11,二三线城市,B组_GEO本地化信源,6,1
U11425,2026-04-08,二三线城市,A组_全球通用信源,0,0
U11426,2026-04-11,一线城市,A组_全球通用信源,0,0
U11427,2026-03-28,二三线城市,B组_GEO本地化信源,0,0
U11428,2026-04-10,海外华人,B组_GEO本地化信源,1,0
U11429,2026-04-19,海外华人,A组_全球通用信源,3,1
U11430,2026-04-12,一线城市,A组_全球通用信源,1,0
U11431,2026-04-04,海外华人,B组_GEO本地化信源,2,1
U11432,2026-03-30,二三线城市,A组_全球通用信源,2,1
U11433,2026-04-04,二三线城市,A组_全球通用信源,0,0
U11434,2026-03-29,二三线城市,B组_GEO本地化信源,0,0
U11435,2026-04-07,海外华人,B组_GEO本地化信源,3,1
U11436,2026-03-27,二三线城市,B组_GEO本地化信源,0,0
U11437,2026-03-21,一线城市,A组_全球通用信源,5,1
U11438,2026-03-24,二三线城市,B组_GEO本地化信源,7,1
U11439,2026-04-10,海外华人,B组_GEO本地化信源,1,0
U11440,2026-03-23,一线城市,B组_GEO本地化信源,1,0
U11441,2026-04-12,二三线城市,A组_全球通用信源,3,1
U11442,2026-03-30,海外华人,B组_GEO本地化信源,5,1
U11443,2026-03-26,一线城市,A组_全球通用信源,0,0
U11444,2026-04-07,一线城市,A组_全球通用信源,5,1
U11445,2026-04-13,一线城市,A组_全球通用信源,4,1
U11446,2026-03-21,二三线城市,B组_GEO本地化信源,4,1
U11447,2026-03-21,二三线城市,A组_全球通用信源,1,0
U11448,2026-03-22,二三线城市,A组_全球通用信源,0,0
U11449,2026-03-23,一线城市,A组_全球通用信源,1,0
U11450,2026-04-06,一线城市,B组_GEO本地化信源,4,1
U11451,2026-03-30,一线城市,A组_全球通用信源,0,0
U11452,2026-03-31,一线城市,A组_全球通用信源,1,0
U11453,2026-04-06,二三线城市,B组_GEO本地化信源,4,1
U11454,2026-04-18,二三线城市,B组_GEO本地化信源,0,0
U11455,2026-03-28,二三线城市,B组_GEO本地化信源,0,0
U11456,2026-04-14,一线城市,A组_全球通用信源,6,1
U11457,2026-04-07,海外华人,A组_全球通用信源,1,0
U11458,2026-04-11,二三线城市,B组_GEO本地化信源,0,0
U11459,2026-04-01,二三线城市,B组_GEO本地化信源,1,0
U11460,2026-03-22,二三线城市,B组_GEO本地化信源,6,1
U11461,2026-04-06,一线城市,A组_全球通用信源,1,0
U11462,2026-03-25,二三线城市,B组_GEO本地化信源,7,1
U11463,2026-04-09,一线城市,A组_全球通用信源,1,0
U11464,2026-03-20,海外华人,B组_GEO本地化信源,7,1
U11465,2026-04-15,二三线城市,B组_GEO本地化信源,6,1
U11466,2026-03-31,二三线城市,B组_GEO本地化信源,1,0
U11467,2026-03-31,一线城市,A组_全球通用信源,4,1
U11468,2026-04-19,一线城市,A组_全球通用信源,1,0
U11469,2026-04-01,海外华人,B组_GEO本地化信源,3,1
U11470,2026-03-24,二三线城市,B组_GEO本地化信源,6,1
U11471,2026-04-09,二三线城市,A组_全球通用信源,5,1
U11472,2026-04-03,二三线城市,B组_GEO本地化信源,1,0
U11473,2026-04-04,二三线城市,A组_全球通用信源,1,0
U11474,2026-04-16,二三线城市,A组_全球通用信源,7,1
U11475,2026-04-10,二三线城市,B组_GEO本地化信源,0,0
U11476,2026-03-22,一线城市,A组_全球通用信源,5,1
U11477,2026-04-11,一线城市,A组_全球通用信源,2,1
U11478,2026-04-01,二三线城市,B组_GEO本地化信源,1,0
U11479,2026-04-19,海外华人,A组_全球通用信源,4,1
U11480,2026-04-08,二三线城市,B组_GEO本地化信源,1,0
U11481,2026-03-21,海外华人,A组_全球通用信源,7,1
U11482,2026-04-04,一线城市,A组_全球通用信源,0,0
U11483,2026-04-08,二三线城市,B组_GEO本地化信源,1,0
U11484,2026-04-14,海外华人,A组_全球通用信源,1,0
U11485,2026-03-30,二三线城市,B组_GEO本地化信源,6,1
U11486,2026-04-16,二三线城市,B组_GEO本地化信源,1,0
U11487,2026-04-15,二三线城市,B组_GEO本地化信源,1,0
U11488,2026-04-11,一线城市,A组_全球通用信源,1,0
U11489,2026-04-16,二三线城市,B组_GEO本地化信源,2,1
U11490,2026-04-06,二三线城市,B组_GEO本地化信源,1,0
U11491,2026-04-11,二三线城市,B组_GEO本地化信源,0,0
U11492,2026-04-08,二三线城市,B组_GEO本地化信源,0,0
U11493,2026-04-11,一线城市,A组_全球通用信源,7,1
U11494,2026-03-20,一线城市,B组_GEO本地化信源,3,1
U11495,2026-04-12,二三线城市,B组_GEO本地化信源,2,1
U11496,2026-04-09,二三线城市,B组_GEO本地化信源,6,1
U11497,2026-03-31,二三线城市,B组_GEO本地化信源,2,1
U11498,2026-03-24,一线城市,A组_全球通用信源,1,0
U11499,2026-04-19,二三线城市,B组_GEO本地化信源,2,1
U11500,2026-03-20,二三线城市,B组_GEO本地化信源,5,1
U11501,2026-03-22,二三线城市,A组_全球通用信源,0,0
U11502,2026-03-20,一线城市,A组_全球通用信源,3,1
U11503,2026-04-18,一线城市,A组_全球通用信源,3,1
U11504,2026-04-04,二三线城市,B组_GEO本地化信源,2,1
U11505,2026-04-03,二三线城市,B组_GEO本地化信源,1,0
U11506,2026-03-26,二三线城市,B组_GEO本地化信源,5,1
U11507,2026-04-06,一线城市,A组_全球通用信源,6,1
U11508,2026-04-19,二三线城市,B组_GEO本地化信源,1,0
U11509,2026-04-12,二三线城市,B组_GEO本地化信源,0,0
U11510,2026-04-15,二三线城市,B组_GEO本地化信源,6,1
U11511,2026-04-11,一线城市,A组_全球通用信源,0,0
U11512,2026-04-06,一线城市,A组_全球通用信源,1,0
U11513,2026-04-17,二三线城市,B组_GEO本地化信源,1,0
U11514,2026-04-08,二三线城市,B组_GEO本地化信源,3,1
U11515,2026-04-10,一线城市,A组_全球通用信源,2,1
U11516,2026-03-27,二三线城市,A组_全球通用信源,0,0
U11517,2026-03-29,一线城市,A组_全球通用信源,4,1
U11518,2026-04-12,二三线城市,B组_GEO本地化信源,1,0
U11519,2026-04-15,二三线城市,A组_全球通用信源,1,0
U11520,2026-04-09,二三线城市,B组_GEO本地化信源,0,0
U11521,2026-04-02,二三线城市,B组_GEO本地化信源,0,0
U11522,2026-03-22,二三线城市,B组_GEO本地化信源,5,1
U11523,2026-04-07,二三线城市,B组_GEO本地化信源,7,1
U11524,2026-04-19,二三线城市,B组_GEO本地化信源,7,1
U11525,2026-03-29,二三线城市,A组_全球通用信源,1,0
U11526,2026-03-24,海外华人,A组_全球通用信源,0,0
U11527,2026-04-19,二三线城市,B组_GEO本地化信源,1,0
U11528,2026-04-01,二三线城市,B组_GEO本地化信源,1,0
U11529,2026-04-03,一线城市,A组_全球通用信源,2,1
U11530,2026-04-05,二三线城市,A组_全球通用信源,1,0
U11531,2026-03-28,二三线城市,B组_GEO本地化信源,4,1
U11532,2026-04-15,二三线城市,A组_全球通用信源,7,1
U11533,2026-03-27,一线城市,A组_全球通用信源,7,1
U11534,2026-04-04,一线城市,A组_全球通用信源,0,0
U11535,2026-03-23,一线城市,A组_全球通用信源,4,1
U11536,2026-04-14,海外华人,A组_全球通用信源,0,0
U11537,2026-03-24,一线城市,A组_全球通用信源,1,0
U11538,2026-04-17,二三线城市,B组_GEO本地化信源,0,0
U11539,2026-03-24,一线城市,A组_全球通用信源,1,0
U11540,2026-03-29,二三线城市,B组_GEO本地化信源,1,0
U11541,2026-04-05,一线城市,A组_全球通用信源,4,1
U11542,2026-04-15,海外华人,A组_全球通用信源,0,0
U11543,2026-03-25,一线城市,A组_全球通用信源,0,0
U11544,2026-03-24,海外华人,A组_全球通用信源,2,1
U11545,2026-03-29,二三线城市,A组_全球通用信源,0,0
U11546,2026-04-07,一线城市,A组_全球通用信源,0,0
U11547,2026-03-30,二三线城市,B组_GEO本地化信源,1,0
U11548,2026-04-18,二三线城市,B组_GEO本地化信源,6,1
U11549,2026-03-27,二三线城市,B组_GEO本地化信源,0,0
U11550,2026-03-29,二三线城市,A组_全球通用信源,0,0
U11551,2026-04-19,海外华人,B组_GEO本地化信源,0,0
U11552,2026-04-12,海外华人,A组_全球通用信源,0,0
U11553,2026-04-12,二三线城市,A组_全球通用信源,1,0
U11554,2026-03-30,二三线城市,B组_GEO本地化信源,0,0
U11555,2026-04-06,一线城市,A组_全球通用信源,3,1
U11556,2026-04-15,二三线城市,B组_GEO本地化信源,0,0
U11557,2026-04-08,二三线城市,A组_全球通用信源,1,0
U11558,2026-03-21,一线城市,A组_全球通用信源,0,0
U11559,2026-04-16,二三线城市,B组_GEO本地化信源,4,1
U11560,2026-04-16,海外华人,B组_GEO本地化信源,0,0
U11561,2026-04-17,二三线城市,B组_GEO本地化信源,0,0
U11562,2026-03-24,一线城市,A组_全球通用信源,4,1
U11563,2026-04-13,一线城市,A组_全球通用信源,0,0
U11564,2026-04-10,二三线城市,B组_GEO本地化信源,1,0
U11565,2026-03-21,二三线城市,A组_全球通用信源,1,0
U11566,2026-03-28,一线城市,A组_全球通用信源,3,1
U11567,2026-04-02,二三线城市,B组_GEO本地化信源,1,0
U11568,2026-04-18,二三线城市,B组_GEO本地化信源,0,0
U11569,2026-03-23,一线城市,A组_全球通用信源,2,1
U11570,2026-04-01,一线城市,A组_全球通用信源,7,1
U11571,2026-04-02,二三线城市,B组_GEO本地化信源,5,1
U11572,2026-03-20,一线城市,A组_全球通用信源,2,1
U11573,2026-04-08,二三线城市,B组_GEO本地化信源,1,0
U11574,2026-03-31,一线城市,B组_GEO本地化信源,1,0
U11575,2026-03-26,一线城市,A组_全球通用信源,5,1
U11576,2026-04-08,一线城市,A组_全球通用信源,7,1
U11577,2026-04-15,二三线城市,B组_GEO本地化信源,5,1
U11578,2026-03-20,二三线城市,A组_全球通用信源,7,1
U11579,2026-04-18,一线城市,A组_全球通用信源,1,0
U11580,2026-03-22,二三线城市,A组_全球通用信源,6,1
U11581,2026-04-01,二三线城市,B组_GEO本地化信源,0,0
U11582,2026-04-10,二三线城市,A组_全球通用信源,5,1
U11583,2026-03-29,一线城市,A组_全球通用信源,0,0
U11584,2026-04-05,二三线城市,B组_GEO本地化信源,7,1
U11585,2026-03-24,二三线城市,B组_GEO本地化信源,0,0
U11586,2026-04-16,二三线城市,B组_GEO本地化信源,3,1
U11587,2026-04-04,二三线城市,B组_GEO本地化信源,0,0
U11588,2026-03-25,一线城市,A组_全球通用信源,1,0
U11589,2026-03-30,海外华人,B组_GEO本地化信源,5,1
U11590,2026-03-25,一线城市,A组_全球通用信源,6,1
U11591,2026-03-20,二三线城市,A组_全球通用信源,1,0
U11592,2026-03-21,一线城市,A组_全球通用信源,0,0
U11593,2026-04-14,二三线城市,B组_GEO本地化信源,1,0
U11594,2026-04-19,一线城市,A组_全球通用信源,2,1
U11595,2026-04-05,二三线城市,B组_GEO本地化信源,4,1
U11596,2026-03-31,二三线城市,A组_全球通用信源,4,1
U11597,2026-04-10,二三线城市,B组_GEO本地化信源,1,0
U11598,2026-04-19,海外华人,B组_GEO本地化信源,3,1
U11599,2026-03-24,二三线城市,B组_GEO本地化信源,0,0
U11600,2026-04-14,二三线城市,B组_GEO本地化信源,0,0
U11601,2026-04-03,二三线城市,B组_GEO本地化信源,1,0
U11602,2026-04-18,二三线城市,B组_GEO本地化信源,7,1
U11603,2026-04-06,一线城市,A组_全球通用信源,1,0
U11604,2026-04-07,二三线城市,B组_GEO本地化信源,1,0
U11605,2026-03-23,二三线城市,B组_GEO本地化信源,1,0
U11606,2026-03-25,海外华人,A组_全球通用信源,0,0
U11607,2026-04-03,一线城市,A组_全球通用信源,1,0
U11608,2026-04-10,二三线城市,B组_GEO本地化信源,0,0
U11609,2026-04-15,二三线城市,A组_全球通用信源,1,0
U11610,2026-04-08,一线城市,A组_全球通用信源,2,1
U11611,2026-04-03,一线城市,A组_全球通用信源,3,1
U11612,2026-04-09,一线城市,B组_GEO本地化信源,1,0
U11613,2026-04-18,一线城市,A组_全球通用信源,3,1
U11614,2026-04-01,海外华人,A组_全球通用信源,1,0
U11615,2026-04-13,一线城市,A组_全球通用信源,5,1
U11616,2026-04-18,海外华人,A组_全球通用信源,7,1
U11617,2026-04-03,二三线城市,B组_GEO本地化信源,6,1
U11618,2026-03-23,海外华人,B组_GEO本地化信源,1,0
U11619,2026-03-30,海外华人,A组_全球通用信源,2,1
U11620,2026-04-11,一线城市,A组_全球通用信源,2,1
U11621,2026-04-05,一线城市,A组_全球通用信源,2,1
U11622,2026-03-23,二三线城市,B组_GEO本地化信源,1,0
U11623,2026-03-23,一线城市,A组_全球通用信源,2,1
U11624,2026-03-31,一线城市,A组_全球通用信源,1,0
U11625,2026-03-21,二三线城市,A组_全球通用信源,1,0
U11626,2026-04-12,海外华人,B组_GEO本地化信源,4,1
U11627,2026-03-26,二三线城市,A组_全球通用信源,1,0
U11628,2026-04-02,二三线城市,A组_全球通用信源,2,1
U11629,2026-04-19,一线城市,A组_全球通用信源,5,1
U11630,2026-03-24,一线城市,A组_全球通用信源,4,1
U11631,2026-03-29,海外华人,B组_GEO本地化信源,1,0
U11632,2026-03-25,二三线城市,B组_GEO本地化信源,1,0
U11633,2026-04-17,二三线城市,B组_GEO本地化信源,3,1
U11634,2026-04-19,一线城市,A组_全球通用信源,4,1
U11635,2026-03-20,二三线城市,B组_GEO本地化信源,6,1
U11636,2026-04-18,海外华人,B组_GEO本地化信源,0,0
U11637,2026-04-13,二三线城市,A组_全球通用信源,1,0
U11638,2026-03-27,一线城市,B组_GEO本地化信源,0,0
U11639,2026-03-24,二三线城市,B组_GEO本地化信源,7,1
U11640,2026-04-17,二三线城市,B组_GEO本地化信源,1,0
U11641,2026-03-27,二三线城市,B组_GEO本地化信源,2,1
U11642,2026-03-24,二三线城市,B组_GEO本地化信源,1,0
U11643,2026-04-07,二三线城市,A组_全球通用信源,5,1
U11644,2026-04-09,一线城市,A组_全球通用信源,2,1
U11645,2026-04-08,二三线城市,B组_GEO本地化信源,1,0
U11646,2026-04-01,二三线城市,B组_GEO本地化信源,1,0
U11647,2026-03-26,二三线城市,B组_GEO本地化信源,1,0
U11648,2026-03-26,二三线城市,B组_GEO本地化信源,0,0
U11649,2026-04-03,二三线城市,B组_GEO本地化信源,0,0
U11650,2026-03-21,一线城市,A组_全球通用信源,6,1
U11651,2026-04-10,二三线城市,A组_全球通用信源,0,0
U11652,2026-04-15,二三线城市,B组_GEO本地化信源,2,1
U11653,2026-03-27,海外华人,A组_全球通用信源,1,0
U11654,2026-04-19,一线城市,A组_全球通用信源,3,1
U11655,2026-04-03,一线城市,A组_全球通用信源,1,0
U11656,2026-03-20,二三线城市,A组_全球通用信源,0,0
U11657,2026-04-18,一线城市,A组_全球通用信源,3,1
U11658,2026-04-03,二三线城市,B组_GEO本地化信源,2,1
U11659,2026-04-03,二三线城市,B组_GEO本地化信源,3,1
U11660,2026-04-19,二三线城市,B组_GEO本地化信源,6,1
U11661,2026-03-21,一线城市,A组_全球通用信源,0,0
U11662,2026-04-05,二三线城市,B组_GEO本地化信源,4,1
U11663,2026-04-11,一线城市,A组_全球通用信源,5,1
U11664,2026-04-17,二三线城市,B组_GEO本地化信源,5,1
U11665,2026-04-18,一线城市,A组_全球通用信源,0,0
U11666,2026-03-31,海外华人,B组_GEO本地化信源,1,0
U11667,2026-04-04,一线城市,A组_全球通用信源,2,1
U11668,2026-04-09,一线城市,A组_全球通用信源,1,0
U11669,2026-04-14,一线城市,A组_全球通用信源,7,1
U11670,2026-04-09,一线城市,A组_全球通用信源,4,1
U11671,2026-04-07,一线城市,A组_全球通用信源,1,0
U11672,2026-04-07,二三线城市,B组_GEO本地化信源,1,0
U11673,2026-04-09,一线城市,A组_全球通用信源,0,0
U11674,2026-03-22,一线城市,A组_全球通用信源,1,0
U11675,2026-04-06,二三线城市,B组_GEO本地化信源,1,0
U11676,2026-04-12,二三线城市,B组_GEO本地化信源,1,0
U11677,2026-03-25,一线城市,B组_GEO本地化信源,0,0
U11678,2026-04-12,二三线城市,B组_GEO本地化信源,2,1
U11679,2026-03-24,二三线城市,A组_全球通用信源,1,0
U11680,2026-04-09,二三线城市,B组_GEO本地化信源,5,1
U11681,2026-03-25,二三线城市,B组_GEO本地化信源,0,0
U11682,2026-03-31,二三线城市,B组_GEO本地化信源,7,1
U11683,2026-03-23,二三线城市,B组_GEO本地化信源,1,0
U11684,2026-04-15,二三线城市,B组_GEO本地化信源,5,1
U11685,2026-04-08,一线城市,A组_全球通用信源,1,0
U11686,2026-03-28,一线城市,A组_全球通用信源,5,1
U11687,2026-03-20,一线城市,A组_全球通用信源,4,1
U11688,2026-03-29,二三线城市,B组_GEO本地化信源,0,0
U11689,2026-03-26,二三线城市,B组_GEO本地化信源,0,0
U11690,2026-04-07,一线城市,A组_全球通用信源,6,1
U11691,2026-03-29,海外华人,A组_全球通用信源,5,1
U11692,2026-03-23,二三线城市,A组_全球通用信源,0,0
U11693,2026-04-16,二三线城市,B组_GEO本地化信源,1,0
U11694,2026-03-27,一线城市,A组_全球通用信源,6,1
U11695,2026-03-23,二三线城市,B组_GEO本地化信源,0,0
U11696,2026-04-17,二三线城市,B组_GEO本地化信源,0,0
U11697,2026-04-07,二三线城市,B组_GEO本地化信源,0,0
U11698,2026-04-08,一线城市,B组_GEO本地化信源,5,1
U11699,2026-04-04,二三线城市,B组_GEO本地化信源,5,1
U11700,2026-03-22,二三线城市,A组_全球通用信源,0,0
U11701,2026-04-07,海外华人,B组_GEO本地化信源,0,0
U11702,2026-04-17,一线城市,A组_全球通用信源,0,0
U11703,2026-04-15,一线城市,A组_全球通用信源,0,0
U11704,2026-04-02,二三线城市,B组_GEO本地化信源,3,1
U11705,2026-04-01,二三线城市,B组_GEO本地化信源,4,1
U11706,2026-04-12,二三线城市,B组_GEO本地化信源,7,1
U11707,2026-03-20,一线城市,A组_全球通用信源,1,0
U11708,2026-03-26,二三线城市,B组_GEO本地化信源,5,1
U11709,2026-03-20,二三线城市,B组_GEO本地化信源,5,1
U11710,2026-04-10,海外华人,A组_全球通用信源,0,0
U11711,2026-04-04,二三线城市,B组_GEO本地化信源,1,0
U11712,2026-04-01,二三线城市,B组_GEO本地化信源,6,1
U11713,2026-04-02,二三线城市,B组_GEO本地化信源,0,0
U11714,2026-04-16,二三线城市,A组_全球通用信源,1,0
U11715,2026-03-23,二三线城市,B组_GEO本地化信源,0,0
U11716,2026-04-07,二三线城市,B组_GEO本地化信源,6,1
U11717,2026-04-15,一线城市,A组_全球通用信源,3,1
U11718,2026-04-05,海外华人,B组_GEO本地化信源,4,1
U11719,2026-03-29,二三线城市,B组_GEO本地化信源,4,1
U11720,2026-03-26,二三线城市,A组_全球通用信源,0,0
U11721,2026-04-04,一线城市,B组_GEO本地化信源,4,1
U11722,2026-04-14,二三线城市,B组_GEO本地化信源,4,1
U11723,2026-04-07,一线城市,A组_全球通用信源,1,0
U11724,2026-04-03,一线城市,A组_全球通用信源,3,1
U11725,2026-04-03,二三线城市,B组_GEO本地化信源,1,0
U11726,2026-03-21,二三线城市,B组_GEO本地化信源,0,0
U11727,2026-03-25,二三线城市,B组_GEO本地化信源,0,0
U11728,2026-03-28,一线城市,A组_全球通用信源,1,0
U11729,2026-03-20,二三线城市,B组_GEO本地化信源,0,0
U11730,2026-03-21,二三线城市,A组_全球通用信源,0,0
U11731,2026-03-27,二三线城市,B组_GEO本地化信源,3,1
U11732,2026-04-19,一线城市,A组_全球通用信源,0,0
U11733,2026-04-11,二三线城市,A组_全球通用信源,1,0
U11734,2026-04-17,二三线城市,A组_全球通用信源,0,0
U11735,2026-04-16,一线城市,A组_全球通用信源,7,1
U11736,2026-04-01,二三线城市,A组_全球通用信源,0,0
U11737,2026-04-11,二三线城市,B组_GEO本地化信源,4,1
U11738,2026-04-18,二三线城市,B组_GEO本地化信源,0,0
U11739,2026-03-20,一线城市,B组_GEO本地化信源,0,0
U11740,2026-04-02,一线城市,A组_全球通用信源,3,1
U11741,2026-03-24,一线城市,A组_全球通用信源,6,1
U11742,2026-04-11,二三线城市,A组_全球通用信源,0,0
U11743,2026-03-26,一线城市,A组_全球通用信源,0,0
U11744,2026-03-29,二三线城市,A组_全球通用信源,1,0
U11745,2026-03-31,海外华人,A组_全球通用信源,1,0
U11746,2026-03-26,二三线城市,B组_GEO本地化信源,5,1
U11747,2026-03-22,二三线城市,B组_GEO本地化信源,0,0
U11748,2026-04-12,一线城市,B组_GEO本地化信源,1,0
U11749,2026-03-21,二三线城市,B组_GEO本地化信源,3,1
U11750,2026-03-22,二三线城市,B组_GEO本地化信源,1,0
U11751,2026-03-26,一线城市,A组_全球通用信源,0,0
U11752,2026-04-10,一线城市,A组_全球通用信源,0,0
U11753,2026-04-17,一线城市,A组_全球通用信源,0,0
U11754,2026-04-14,一线城市,A组_全球通用信源,6,1
U11755,2026-03-30,海外华人,A组_全球通用信源,1,0
U11756,2026-04-06,二三线城市,B组_GEO本地化信源,0,0
U11757,2026-03-21,海外华人,A组_全球通用信源,1,0
U11758,2026-03-22,二三线城市,B组_GEO本地化信源,3,1
U11759,2026-04-08,一线城市,B组_GEO本地化信源,3,1
U11760,2026-03-22,一线城市,A组_全球通用信源,0,0
U11761,2026-04-13,一线城市,A组_全球通用信源,0,0
U11762,2026-04-05,二三线城市,B组_GEO本地化信源,3,1
U11763,2026-03-20,二三线城市,A组_全球通用信源,1,0
U11764,2026-04-08,一线城市,A组_全球通用信源,1,0
U11765,2026-03-24,二三线城市,A组_全球通用信源,0,0
U11766,2026-04-06,二三线城市,B组_GEO本地化信源,1,0
U11767,2026-04-16,二三线城市,A组_全球通用信源,1,0
U11768,2026-04-18,一线城市,A组_全球通用信源,2,1
U11769,2026-03-22,一线城市,B组_GEO本地化信源,0,0
U11770,2026-03-26,二三线城市,B组_GEO本地化信源,5,1
U11771,2026-03-20,二三线城市,B组_GEO本地化信源,0,0
U11772,2026-04-01,一线城市,A组_全球通用信源,0,0
U11773,2026-04-01,二三线城市,B组_GEO本地化信源,3,1
U11774,2026-03-21,二三线城市,B组_GEO本地化信源,5,1
U11775,2026-04-07,二三线城市,B组_GEO本地化信源,4,1
U11776,2026-03-24,一线城市,A组_全球通用信源,4,1
U11777,2026-04-12,二三线城市,B组_GEO本地化信源,1,0
U11778,2026-04-14,一线城市,A组_全球通用信源,7,1
U11779,2026-03-27,二三线城市,A组_全球通用信源,4,1
U11780,2026-03-20,二三线城市,A组_全球通用信源,1,0
U11781,2026-04-06,二三线城市,B组_GEO本地化信源,1,0
U11782,2026-03-24,二三线城市,A组_全球通用信源,1,0
U11783,2026-04-18,一线城市,B组_GEO本地化信源,2,1
U11784,2026-04-03,一线城市,A组_全球通用信源,1,0
U11785,2026-04-17,二三线城市,B组_GEO本地化信源,2,1
U11786,2026-03-25,一线城市,A组_全球通用信源,1,0
U11787,2026-03-31,二三线城市,A组_全球通用信源,0,0
U11788,2026-03-27,海外华人,B组_GEO本地化信源,0,0
U11789,2026-04-01,二三线城市,B组_GEO本地化信源,4,1
U11790,2026-04-09,一线城市,A组_全球通用信源,1,0
U11791,2026-03-24,二三线城市,B组_GEO本地化信源,5,1
U11792,2026-04-18,二三线城市,A组_全球通用信源,1,0
U11793,2026-03-29,二三线城市,A组_全球通用信源,1,0
U11794,2026-04-17,二三线城市,A组_全球通用信源,1,0
U11795,2026-03-20,二三线城市,B组_GEO本地化信源,0,0
U11796,2026-04-08,二三线城市,B组_GEO本地化信源,0,0
U11797,2026-04-06,一线城市,A组_全球通用信源,5,1
U11798,2026-03-20,一线城市,A组_全球通用信源,1,0
U11799,2026-04-16,二三线城市,B组_GEO本地化信源,3,1
U11800,2026-04-14,一线城市,A组_全球通用信源,0,0
U11801,2026-04-08,二三线城市,B组_GEO本地化信源,7,1
U11802,2026-03-25,一线城市,A组_全球通用信源,2,1
U11803,2026-04-18,二三线城市,B组_GEO本地化信源,1,0
U11804,2026-03-27,一线城市,A组_全球通用信源,4,1
U11805,2026-04-02,一线城市,A组_全球通用信源,0,0
U11806,2026-04-09,二三线城市,B组_GEO本地化信源,7,1
U11807,2026-04-12,一线城市,A组_全球通用信源,0,0
U11808,2026-04-06,一线城市,B组_GEO本地化信源,2,1
U11809,2026-04-18,二三线城市,B组_GEO本地化信源,3,1
U11810,2026-04-16,一线城市,A组_全球通用信源,5,1
U11811,2026-03-30,一线城市,A组_全球通用信源,0,0
U11812,2026-04-18,一线城市,A组_全球通用信源,1,0
U11813,2026-04-15,二三线城市,A组_全球通用信源,1,0
U11814,2026-04-08,一线城市,A组_全球通用信源,6,1
U11815,2026-04-04,二三线城市,B组_GEO本地化信源,0,0
U11816,2026-04-10,一线城市,A组_全球通用信源,1,0
U11817,2026-03-20,一线城市,A组_全球通用信源,6,1
U11818,2026-03-25,一线城市,A组_全球通用信源,4,1
U11819,2026-04-12,一线城市,A组_全球通用信源,3,1
U11820,2026-04-04,一线城市,A组_全球通用信源,1,0
U11821,2026-03-21,海外华人,A组_全球通用信源,1,0
U11822,2026-04-01,二三线城市,B组_GEO本地化信源,6,1
U11823,2026-03-31,一线城市,A组_全球通用信源,1,0
U11824,2026-04-04,二三线城市,B组_GEO本地化信源,5,1
U11825,2026-04-02,二三线城市,B组_GEO本地化信源,1,0
U11826,2026-04-18,二三线城市,A组_全球通用信源,0,0
U11827,2026-03-30,二三线城市,B组_GEO本地化信源,2,1
U11828,2026-03-29,二三线城市,B组_GEO本地化信源,2,1
U11829,2026-04-19,一线城市,A组_全球通用信源,2,1
U11830,2026-03-27,二三线城市,A组_全球通用信源,1,0
U11831,2026-03-26,二三线城市,A组_全球通用信源,1,0
U11832,2026-03-21,二三线城市,B组_GEO本地化信源,0,0
U11833,2026-04-06,二三线城市,A组_全球通用信源,7,1
U11834,2026-04-18,二三线城市,B组_GEO本地化信源,3,1
U11835,2026-04-03,二三线城市,B组_GEO本地化信源,0,0
U11836,2026-03-22,二三线城市,A组_全球通用信源,0,0
U11837,2026-03-23,一线城市,A组_全球通用信源,4,1
U11838,2026-04-12,二三线城市,B组_GEO本地化信源,6,1
U11839,2026-04-05,二三线城市,B组_GEO本地化信源,5,1
U11840,2026-04-09,一线城市,A组_全球通用信源,0,0
U11841,2026-03-30,二三线城市,B组_GEO本地化信源,0,0
U11842,2026-04-04,二三线城市,A组_全球通用信源,0,0
U11843,2026-04-06,一线城市,A组_全球通用信源,2,1
U11844,2026-03-31,一线城市,A组_全球通用信源,1,0
U11845,2026-04-14,二三线城市,A组_全球通用信源,6,1
U11846,2026-04-03,二三线城市,A组_全球通用信源,1,0
U11847,2026-04-06,海外华人,A组_全球通用信源,5,1
U11848,2026-04-02,一线城市,A组_全球通用信源,0,0
U11849,2026-03-22,海外华人,B组_GEO本地化信源,2,1
U11850,2026-04-09,二三线城市,B组_GEO本地化信源,0,0
U11851,2026-03-31,二三线城市,B组_GEO本地化信源,5,1
U11852,2026-04-19,一线城市,A组_全球通用信源,1,0
U11853,2026-04-04,一线城市,A组_全球通用信源,7,1
U11854,2026-03-31,二三线城市,B组_GEO本地化信源,0,0
U11855,2026-03-27,二三线城市,B组_GEO本地化信源,1,0
U11856,2026-04-01,二三线城市,B组_GEO本地化信源,4,1
U11857,2026-04-11,二三线城市,B组_GEO本地化信源,6,1
U11858,2026-03-31,二三线城市,A组_全球通用信源,0,0
U11859,2026-04-06,二三线城市,B组_GEO本地化信源,5,1
U11860,2026-03-22,一线城市,A组_全球通用信源,1,0
U11861,2026-04-13,一线城市,A组_全球通用信源,0,0
U11862,2026-04-16,二三线城市,B组_GEO本地化信源,1,0
U11863,2026-04-11,海外华人,A组_全球通用信源,0,0
U11864,2026-03-27,一线城市,A组_全球通用信源,3,1
U11865,2026-03-23,二三线城市,B组_GEO本地化信源,3,1
U11866,2026-04-05,二三线城市,B组_GEO本地化信源,0,0
U11867,2026-04-08,二三线城市,B组_GEO本地化信源,1,0
U11868,2026-04-05,二三线城市,B组_GEO本地化信源,5,1
U11869,2026-04-17,二三线城市,B组_GEO本地化信源,5,1
U11870,2026-04-16,二三线城市,B组_GEO本地化信源,1,0
U11871,2026-04-15,二三线城市,B组_GEO本地化信源,0,0
U11872,2026-04-08,一线城市,A组_全球通用信源,7,1
U11873,2026-04-05,海外华人,A组_全球通用信源,1,0
U11874,2026-03-20,二三线城市,B组_GEO本地化信源,7,1
U11875,2026-04-05,一线城市,A组_全球通用信源,1,0
U11876,2026-04-04,一线城市,A组_全球通用信源,0,0
U11877,2026-04-19,二三线城市,B组_GEO本地化信源,4,1
U11878,2026-03-20,二三线城市,A组_全球通用信源,0,0
U11879,2026-03-22,二三线城市,B组_GEO本地化信源,3,1
U11880,2026-03-25,一线城市,A组_全球通用信源,5,1
U11881,2026-03-21,海外华人,B组_GEO本地化信源,5,1
U11882,2026-03-21,一线城市,B组_GEO本地化信源,1,0
U11883,2026-04-02,一线城市,A组_全球通用信源,0,0
U11884,2026-03-30,二三线城市,B组_GEO本地化信源,5,1
U11885,2026-04-12,一线城市,A组_全球通用信源,3,1
U11886,2026-03-20,二三线城市,B组_GEO本地化信源,4,1
U11887,2026-03-31,二三线城市,B组_GEO本地化信源,3,1
U11888,2026-03-29,二三线城市,B组_GEO本地化信源,7,1
U11889,2026-03-20,二三线城市,B组_GEO本地化信源,0,0
U11890,2026-03-24,二三线城市,B组_GEO本地化信源,5,1
U11891,2026-03-30,二三线城市,B组_GEO本地化信源,2,1
U11892,2026-03-29,二三线城市,B组_GEO本地化信源,1,0
U11893,2026-03-27,一线城市,A组_全球通用信源,4,1
U11894,2026-03-27,一线城市,A组_全球通用信源,1,0
U11895,2026-03-23,二三线城市,B组_GEO本地化信源,0,0
U11896,2026-04-01,二三线城市,B组_GEO本地化信源,0,0
U11897,2026-04-18,二三线城市,B组_GEO本地化信源,7,1
U11898,2026-04-02,一线城市,A组_全球通用信源,5,1
U11899,2026-04-05,一线城市,B组_GEO本地化信源,1,0
U11900,2026-03-25,二三线城市,A组_全球通用信源,5,1
U11901,2026-03-20,海外华人,B组_GEO本地化信源,4,1
U11902,2026-04-02,一线城市,A组_全球通用信源,4,1
U11903,2026-04-11,一线城市,A组_全球通用信源,3,1
U11904,2026-04-07,海外华人,B组_GEO本地化信源,6,1
U11905,2026-04-05,一线城市,A组_全球通用信源,3,1
U11906,2026-04-18,二三线城市,B组_GEO本地化信源,5,1
U11907,2026-04-13,一线城市,B组_GEO本地化信源,4,1
U11908,2026-03-25,一线城市,A组_全球通用信源,1,0
U11909,2026-04-04,二三线城市,B组_GEO本地化信源,7,1
U11910,2026-03-27,二三线城市,A组_全球通用信源,4,1
U11911,2026-03-26,海外华人,A组_全球通用信源,1,0
U11912,2026-03-27,二三线城市,A组_全球通用信源,7,1
U11913,2026-04-09,二三线城市,B组_GEO本地化信源,0,0
U11914,2026-03-26,一线城市,B组_GEO本地化信源,0,0
U11915,2026-04-03,二三线城市,B组_GEO本地化信源,5,1
U11916,2026-03-28,二三线城市,B组_GEO本地化信源,1,0
U11917,2026-03-27,一线城市,A组_全球通用信源,4,1
U11918,2026-04-19,二三线城市,B组_GEO本地化信源,5,1
U11919,2026-03-31,一线城市,A组_全球通用信源,1,0
U11920,2026-04-16,海外华人,B组_GEO本地化信源,7,1
U11921,2026-04-01,一线城市,A组_全球通用信源,0,0
U11922,2026-03-24,二三线城市,B组_GEO本地化信源,5,1
U11923,2026-04-16,一线城市,A组_全球通用信源,4,1
U11924,2026-03-22,二三线城市,A组_全球通用信源,1,0
U11925,2026-04-15,一线城市,A组_全球通用信源,0,0
U11926,2026-03-20,一线城市,A组_全球通用信源,2,1
U11927,2026-03-21,二三线城市,A组_全球通用信源,0,0
U11928,2026-04-17,一线城市,B组_GEO本地化信源,1,0
U11929,2026-04-13,二三线城市,B组_GEO本地化信源,7,1
U11930,2026-04-19,一线城市,A组_全球通用信源,1,0
U11931,2026-03-28,二三线城市,B组_GEO本地化信源,5,1
U11932,2026-04-16,一线城市,A组_全球通用信源,3,1
U11933,2026-04-04,二三线城市,B组_GEO本地化信源,4,1
U11934,2026-04-16,二三线城市,B组_GEO本地化信源,1,0
U11935,2026-04-16,二三线城市,A组_全球通用信源,1,0
U11936,2026-03-26,一线城市,A组_全球通用信源,3,1
U11937,2026-04-01,二三线城市,A组_全球通用信源,0,0
U11938,2026-04-03,二三线城市,B组_GEO本地化信源,0,0
U11939,2026-03-21,一线城市,A组_全球通用信源,6,1
U11940,2026-04-11,二三线城市,B组_GEO本地化信源,1,0
U11941,2026-03-28,二三线城市,B组_GEO本地化信源,0,0
U11942,2026-03-29,二三线城市,A组_全球通用信源,1,0
U11943,2026-04-14,二三线城市,B组_GEO本地化信源,6,1
U11944,2026-03-27,二三线城市,A组_全球通用信源,1,0
U11945,2026-03-28,二三线城市,B组_GEO本地化信源,0,0
U11946,2026-04-01,二三线城市,B组_GEO本地化信源,1,0
U11947,2026-03-25,一线城市,A组_全球通用信源,5,1
U11948,2026-04-10,一线城市,A组_全球通用信源,1,0
U11949,2026-03-23,一线城市,A组_全球通用信源,7,1
U11950,2026-04-06,一线城市,A组_全球通用信源,0,0
U11951,2026-03-29,一线城市,A组_全球通用信源,5,1
U11952,2026-03-31,二三线城市,A组_全球通用信源,0,0
U11953,2026-03-24,二三线城市,B组_GEO本地化信源,4,1
U11954,2026-03-21,二三线城市,B组_GEO本地化信源,0,0
U11955,2026-04-04,一线城市,A组_全球通用信源,7,1
U11956,2026-04-05,一线城市,A组_全球通用信源,0,0
U11957,2026-03-28,二三线城市,A组_全球通用信源,0,0
U11958,2026-03-23,海外华人,B组_GEO本地化信源,6,1
U11959,2026-03-23,二三线城市,B组_GEO本地化信源,6,1
U11960,2026-03-25,一线城市,A组_全球通用信源,2,1
U11961,2026-03-24,一线城市,A组_全球通用信源,6,1
U11962,2026-04-19,二三线城市,A组_全球通用信源,1,0
U11963,2026-03-27,一线城市,A组_全球通用信源,7,1
U11964,2026-04-14,海外华人,B组_GEO本地化信源,1,0
U11965,2026-03-24,二三线城市,B组_GEO本地化信源,0,0
U11966,2026-04-03,二三线城市,B组_GEO本地化信源,4,1
U11967,2026-03-20,海外华人,A组_全球通用信源,5,1
U11968,2026-04-04,二三线城市,A组_全球通用信源,0,0
U11969,2026-04-12,一线城市,A组_全球通用信源,0,0
U11970,2026-04-07,二三线城市,B组_GEO本地化信源,1,0
U11971,2026-03-25,二三线城市,A组_全球通用信源,0,0
U11972,2026-04-10,一线城市,A组_全球通用信源,3,1
U11973,2026-03-22,二三线城市,A组_全球通用信源,0,0
U11974,2026-04-15,一线城市,A组_全球通用信源,1,0
U11975,2026-04-05,一线城市,A组_全球通用信源,0,0
U11976,2026-04-09,一线城市,A组_全球通用信源,4,1
U11977,2026-04-14,二三线城市,A组_全球通用信源,1,0
U11978,2026-03-27,海外华人,B组_GEO本地化信源,1,0
U11979,2026-04-07,一线城市,B组_GEO本地化信源,0,0
U11980,2026-04-12,海外华人,B组_GEO本地化信源,0,0
U11981,2026-04-09,海外华人,A组_全球通用信源,5,1
U11982,2026-03-24,一线城市,A组_全球通用信源,0,0
U11983,2026-03-20,一线城市,A组_全球通用信源,7,1
U11984,2026-03-26,二三线城市,B组_GEO本地化信源,0,0
U11985,2026-03-28,一线城市,B组_GEO本地化信源,1,0
U11986,2026-04-14,二三线城市,B组_GEO本地化信源,1,0
U11987,2026-03-27,一线城市,A组_全球通用信源,0,0
U11988,2026-03-20,二三线城市,B组_GEO本地化信源,1,0
U11989,2026-04-04,一线城市,A组_全球通用信源,1,0
U11990,2026-04-15,二三线城市,A组_全球通用信源,0,0
U11991,2026-03-20,二三线城市,A组_全球通用信源,4,1
U11992,2026-04-06,二三线城市,B组_GEO本地化信源,1,0
U11993,2026-04-18,海外华人,B组_GEO本地化信源,2,1
U11994,2026-04-19,一线城市,A组_全球通用信源,4,1
U11995,2026-03-28,一线城市,A组_全球通用信源,4,1
U11996,2026-04-02,一线城市,B组_GEO本地化信源,0,0
U11997,2026-04-06,二三线城市,A组_全球通用信源,1,0
U11998,2026-04-13,二三线城市,B组_GEO本地化信源,7,1
U11999,2026-04-09,二三线城市,A组_全球通用信源,0,0
